<?xml version="1.0" encoding="utf-8" standalone="yes"?><rss version="2.0" xmlns:atom="http://www.w3.org/2005/Atom"><channel><title>虚拟机 on 青丝蘸白雪i</title><link>https://blog.sxz799.xyz/tags/%E8%99%9A%E6%8B%9F%E6%9C%BA/</link><description>Recent content in 虚拟机 on 青丝蘸白雪i</description><generator>Hugo -- gohugo.io</generator><language>zh-CN</language><lastBuildDate>Sat, 06 Apr 2019 19:54:28 +0000</lastBuildDate><atom:link href="https://blog.sxz799.xyz/tags/%E8%99%9A%E6%8B%9F%E6%9C%BA/rss.xml" rel="self" type="application/rss+xml"/><item><title>蜗牛星际之安装PVE+LEDE+群辉</title><link>https://blog.sxz799.xyz/posts/%E8%BD%AF%E8%B7%AF%E7%94%B1/2019-04-06-%E8%9C%97%E7%89%9B%E6%98%9F%E9%99%85%E4%B9%8B%E5%AE%89%E8%A3%85pvelede%E7%BE%A4%E8%BE%89/</link><pubDate>Sat, 06 Apr 2019 19:54:28 +0000</pubDate><guid>https://blog.sxz799.xyz/posts/%E8%BD%AF%E8%B7%AF%E7%94%B1/2019-04-06-%E8%9C%97%E7%89%9B%E6%98%9F%E9%99%85%E4%B9%8B%E5%AE%89%E8%A3%85pvelede%E7%BE%A4%E8%BE%89/</guid><description>前言 上次安装了LEDE软路由后，也挂载了一个500G的硬盘，但总感觉对于J1900+4G内存来说有点浪费，还有那么大哥机箱，如果不做NAS有</description></item><item><title>VMware虚拟机体验koolshare论坛LEDE固件</title><link>https://blog.sxz799.xyz/posts/%E8%BD%AF%E8%B7%AF%E7%94%B1/2019-03-17-vmware%E8%99%9A%E6%8B%9F%E6%9C%BA%E4%BD%93%E9%AA%8Ckoolshare%E8%AE%BA%E5%9D%9Blede%E5%9B%BA%E4%BB%B6/</link><pubDate>Sun, 17 Mar 2019 21:38:09 +0000</pubDate><guid>https://blog.sxz799.xyz/posts/%E8%BD%AF%E8%B7%AF%E7%94%B1/2019-03-17-vmware%E8%99%9A%E6%8B%9F%E6%9C%BA%E4%BD%93%E9%AA%8Ckoolshare%E8%AE%BA%E5%9D%9Blede%E5%9B%BA%E4%BB%B6/</guid><description>​ 博主自用的是路由器是斐讯K2P A2版，性能足够满足大多数家庭的需要了，但还是听说koolshare论坛的lede固件功能丰富，是软路由很常</description></item></channel></rss>