<?xml version="1.0" encoding="utf-8" standalone="yes"?><rss version="2.0" xmlns:atom="http://www.w3.org/2005/Atom"><channel><title>samba on 青丝蘸白雪i</title><link>https://blog.sxz799.xyz/tags/samba/</link><description>Recent content in samba on 青丝蘸白雪i</description><generator>Hugo -- gohugo.io</generator><language>zh-CN</language><lastBuildDate>Fri, 29 Mar 2019 23:15:56 +0000</lastBuildDate><atom:link href="https://blog.sxz799.xyz/tags/samba/rss.xml" rel="self" type="application/rss+xml"/><item><title>软路由LEDE系统之samba局域网共享</title><link>https://blog.sxz799.xyz/posts/%E8%BD%AF%E8%B7%AF%E7%94%B1/2019-03-29-%E8%BD%AF%E8%B7%AF%E7%94%B1lede%E7%B3%BB%E7%BB%9F%E4%B9%8Bsamba%E5%B1%80%E5%9F%9F%E7%BD%91%E5%85%B1%E4%BA%AB/</link><pubDate>Fri, 29 Mar 2019 23:15:56 +0000</pubDate><guid>https://blog.sxz799.xyz/posts/%E8%BD%AF%E8%B7%AF%E7%94%B1/2019-03-29-%E8%BD%AF%E8%B7%AF%E7%94%B1lede%E7%B3%BB%E7%BB%9F%E4%B9%8Bsamba%E5%B1%80%E5%9F%9F%E7%BD%91%E5%85%B1%E4%BA%AB/</guid><description>前言 上周末看油管的时候发现了一款极具性价比的NAS-蜗牛星际。矿渣nas，三月初就开卖了，当时好像200包邮。我入手有点晚所以价格也高一些。</description></item></channel></rss>