<?xml version="1.0" encoding="utf-8" standalone="yes"?><rss version="2.0" xmlns:atom="http://www.w3.org/2005/Atom"><channel><title>技巧 on 青丝蘸白雪i</title><link>https://blog.sxz799.xyz/categories/%E6%8A%80%E5%B7%A7/</link><description>Recent content in 技巧 on 青丝蘸白雪i</description><generator>Hugo -- gohugo.io</generator><language>zh-CN</language><lastBuildDate>Sun, 20 Aug 2023 00:16:17 +0800</lastBuildDate><atom:link href="https://blog.sxz799.xyz/categories/%E6%8A%80%E5%B7%A7/rss.xml" rel="self" type="application/rss+xml"/><item><title>记录一次折腾了一下午的nginx配置文件问题</title><link>https://blog.sxz799.xyz/posts/%E6%8A%80%E5%B7%A7/2023-08-20-%E8%AE%B0%E5%BD%95%E4%B8%80%E6%AC%A1%E6%8A%98%E8%85%BE%E4%BA%86%E4%B8%80%E4%B8%8B%E5%8D%88%E7%9A%84nginx%E9%85%8D%E7%BD%AE%E6%96%87%E4%BB%B6%E9%97%AE%E9%A2%98/</link><pubDate>Sun, 20 Aug 2023 00:16:17 +0800</pubDate><guid>https://blog.sxz799.xyz/posts/%E6%8A%80%E5%B7%A7/2023-08-20-%E8%AE%B0%E5%BD%95%E4%B8%80%E6%AC%A1%E6%8A%98%E8%85%BE%E4%BA%86%E4%B8%80%E4%B8%8B%E5%8D%88%E7%9A%84nginx%E9%85%8D%E7%BD%AE%E6%96%87%E4%BB%B6%E9%97%AE%E9%A2%98/</guid><description>&lt;p>想着写一个后端使用gin + gorm + mysql,前端使用vue3 vite + element plus 的项目模板，但是在写docker-compose调试的时候,总是报404错误，后来发现是nginx配置文件的问题。&lt;/p></description></item><item><title>Ruoyi框架部门多选配置</title><link>https://blog.sxz799.xyz/posts/%E6%8A%80%E5%B7%A7/2023-08-02-ruoyi%E6%A1%86%E6%9E%B6%E9%83%A8%E9%97%A8%E5%A4%9A%E9%80%89%E9%85%8D%E7%BD%AE/</link><pubDate>Wed, 02 Aug 2023 21:48:06 +0800</pubDate><guid>https://blog.sxz799.xyz/posts/%E6%8A%80%E5%B7%A7/2023-08-02-ruoyi%E6%A1%86%E6%9E%B6%E9%83%A8%E9%97%A8%E5%A4%9A%E9%80%89%E9%85%8D%E7%BD%AE/</guid><description>&lt;p>开发中遇到一个需求,简化一下可以理解为为一个用户配置多个部门。通常情况下要用主子表实现,但这里仅需要记录一个编码，故放在主表一个字段里即可(用逗号分隔)。如果想方便的禁用或启用某个部门,还是用主子表实现比较好。&lt;/p></description></item><item><title>Linux登录后出现bash4.2解决办法及原因</title><link>https://blog.sxz799.xyz/posts/%E6%8A%80%E5%B7%A7/2023-05-30-linux%E7%99%BB%E5%BD%95%E5%90%8E%E5%87%BA%E7%8E%B0bash4.2%E8%A7%A3%E5%86%B3%E5%8A%9E%E6%B3%95%E5%8F%8A%E5%8E%9F%E5%9B%A0/</link><pubDate>Tue, 30 May 2023 15:52:58 +0800</pubDate><guid>https://blog.sxz799.xyz/posts/%E6%8A%80%E5%B7%A7/2023-05-30-linux%E7%99%BB%E5%BD%95%E5%90%8E%E5%87%BA%E7%8E%B0bash4.2%E8%A7%A3%E5%86%B3%E5%8A%9E%E6%B3%95%E5%8F%8A%E5%8E%9F%E5%9B%A0/</guid><description>&lt;h3 id="前言">前言
&lt;a class="header-anchor" href="#%e5%89%8d%e8%a8%80">&lt;/a>
&lt;/h3>&lt;p>有一天链接服务器发现变成了变成了这个样子&lt;/p>
&lt;p>&lt;img src="https://blog.sxz799.xyz/imgs/img-lazy-loading.gif" data-src="https://gh.sxz799.online/https://raw.githubusercontent.com/sxz799/tuchuang-blog/main/img/202305/202305301559815.png" alt="" />&lt;/p>
&lt;p>前段时间更新测试时,由于添加了log组件导致将/root目录软链接到了更新目录,在删除目录时将root目录内的东西都删了。再次链接服务器就出现了&lt;code>bash-4.2#&lt;/code>而不是用户名,搜了一下，发现是缺失root目录下的
&lt;code>.bash_profile&lt;/code>和&lt;code>.bashrc&lt;/code> 。&lt;/p></description></item><item><title>使用Cloudflare加速github下载及图床加速</title><link>https://blog.sxz799.xyz/posts/%E6%8A%80%E5%B7%A7/2023-05-25-%E4%BD%BF%E7%94%A8cloudflare%E5%8A%A0%E9%80%9Fgithub%E4%B8%8B%E8%BD%BD%E5%8F%8A%E5%9B%BE%E5%BA%8A%E5%8A%A0%E9%80%9F/</link><pubDate>Thu, 25 May 2023 15:11:46 +0800</pubDate><guid>https://blog.sxz799.xyz/posts/%E6%8A%80%E5%B7%A7/2023-05-25-%E4%BD%BF%E7%94%A8cloudflare%E5%8A%A0%E9%80%9Fgithub%E4%B8%8B%E8%BD%BD%E5%8F%8A%E5%9B%BE%E5%BA%8A%E5%8A%A0%E9%80%9F/</guid><description>&lt;p>网上很多加速github的工具，但是由于使用人数多，效果时好时坏，后来发现可以使用cloudflare搭建自己专属的加速工具，故记录一下搭建流程及使用方式&lt;/p></description></item><item><title>Github拉取代码时提示kex_exchange_identification解决方案</title><link>https://blog.sxz799.xyz/posts/%E6%8A%80%E5%B7%A7/2023-05-12-github%E6%8B%89%E5%8F%96%E4%BB%A3%E7%A0%81%E6%97%B6%E6%8F%90%E7%A4%BAkex_exchange_identification%E8%A7%A3%E5%86%B3%E6%96%B9%E6%A1%88/</link><pubDate>Fri, 12 May 2023 19:58:41 +0800</pubDate><guid>https://blog.sxz799.xyz/posts/%E6%8A%80%E5%B7%A7/2023-05-12-github%E6%8B%89%E5%8F%96%E4%BB%A3%E7%A0%81%E6%97%B6%E6%8F%90%E7%A4%BAkex_exchange_identification%E8%A7%A3%E5%86%B3%E6%96%B9%E6%A1%88/</guid><description>&lt;p>最近在github上拉取和推送代码时经常报&lt;code>kex_exchange_identification&lt;/code>的错误,但是更换手机热点后就可以正常推代码,查了一下发现可能是梯子的问题，这里记录一下搜到的解决方案。&lt;/p></description></item><item><title>GithubAction自动编译项目学习笔记</title><link>https://blog.sxz799.xyz/posts/%E6%8A%80%E5%B7%A7/2023-05-09-githubaction%E8%87%AA%E5%8A%A8%E7%BC%96%E8%AF%91%E9%A1%B9%E7%9B%AE%E5%AD%A6%E4%B9%A0%E7%AC%94%E8%AE%B0/</link><pubDate>Tue, 09 May 2023 14:32:21 +0800</pubDate><guid>https://blog.sxz799.xyz/posts/%E6%8A%80%E5%B7%A7/2023-05-09-githubaction%E8%87%AA%E5%8A%A8%E7%BC%96%E8%AF%91%E9%A1%B9%E7%9B%AE%E5%AD%A6%E4%B9%A0%E7%AC%94%E8%AE%B0/</guid><description>&lt;p>最近项目上线要将旧系统的数据导入新系统，旧系统的数据导出到excel文件，然后将文件整理后导入新系统。但是整理文件的时候总是会出现一些简单的错误，每次都有人工校对或者导入时提示太麻烦，于是写了一个小工具让整理数据的门店人员整理数据后自行检测一次。由于数据库使用的是sqlite，我本地的开发环境又是mac，这就导致golang交叉编译时要配置gcc,试了一下，感觉太麻烦了。也尝试过开个虚拟机进行编译，发现效果也不满意。后来发现github action可以在推送项目后自动构建项目，于是实现了项目推到github后,由Github自动编译并打包项目。&lt;/p></description></item><item><title>使用Vercel部署托管在github上的前端项目</title><link>https://blog.sxz799.xyz/posts/%E6%8A%80%E5%B7%A7/2023-04-06-%E4%BD%BF%E7%94%A8vercel%E9%83%A8%E7%BD%B2%E6%89%98%E7%AE%A1%E5%9C%A8github%E4%B8%8A%E7%9A%84%E5%89%8D%E7%AB%AF%E9%A1%B9%E7%9B%AE/</link><pubDate>Thu, 06 Apr 2023 16:40:53 +0800</pubDate><guid>https://blog.sxz799.xyz/posts/%E6%8A%80%E5%B7%A7/2023-04-06-%E4%BD%BF%E7%94%A8vercel%E9%83%A8%E7%BD%B2%E6%89%98%E7%AE%A1%E5%9C%A8github%E4%B8%8A%E7%9A%84%E5%89%8D%E7%AB%AF%E9%A1%B9%E7%9B%AE/</guid><description>&lt;p>之前写了一个便携剪切板小工具，部署在家里的群晖上面，方便工作时随时写日报。前段时间发现可以用Vercel部署前端项目，还可以自定义域名，这样就不用每次都输入端口信息了。&lt;/p></description></item><item><title>Openwrt去除小米电视广告</title><link>https://blog.sxz799.xyz/posts/%E6%8A%80%E5%B7%A7/2023-03-24-openwrt%E5%8E%BB%E9%99%A4%E5%B0%8F%E7%B1%B3%E7%94%B5%E8%A7%86%E5%B9%BF%E5%91%8A/</link><pubDate>Fri, 24 Mar 2023 23:42:39 +0800</pubDate><guid>https://blog.sxz799.xyz/posts/%E6%8A%80%E5%B7%A7/2023-03-24-openwrt%E5%8E%BB%E9%99%A4%E5%B0%8F%E7%B1%B3%E7%94%B5%E8%A7%86%E5%B9%BF%E5%91%8A/</guid><description>&lt;p>小米电视去除开机广告及视频开头广告&lt;/p></description></item><item><title>在Mac OS系统下永久试用软件</title><link>https://blog.sxz799.xyz/posts/hackintosh/2023-01-05-%E5%9C%A8macos%E7%B3%BB%E7%BB%9F%E4%B8%8B%E6%B0%B8%E4%B9%85%E8%AF%95%E7%94%A8%E8%BD%AF%E4%BB%B6/</link><pubDate>Thu, 05 Jan 2023 21:46:21 +0000</pubDate><guid>https://blog.sxz799.xyz/posts/hackintosh/2023-01-05-%E5%9C%A8macos%E7%B3%BB%E7%BB%9F%E4%B8%8B%E6%B0%B8%E4%B9%85%E8%AF%95%E7%94%A8%E8%BD%AF%E4%BB%B6/</guid><description>&lt;h2 id="试用原理">试用原理
&lt;a class="header-anchor" href="#%e8%af%95%e7%94%a8%e5%8e%9f%e7%90%86">&lt;/a>
&lt;/h2>&lt;p>部分软件每次启动后会先检查注册信息，只需要在系统启动后删除注册信息就可以永久免费试用！&lt;/p></description></item><item><title>antdesignvue在iPhone手机上传文件时选择文件</title><link>https://blog.sxz799.xyz/posts/%E6%8A%80%E5%B7%A7/2022-10-10-antdesignvue%E5%9C%A8iphone%E6%89%8B%E6%9C%BA%E4%B8%8A%E4%BC%A0%E6%96%87%E4%BB%B6%E6%97%B6%E9%80%89%E6%8B%A9%E6%96%87%E4%BB%B6/</link><pubDate>Mon, 10 Oct 2022 23:54:47 +0000</pubDate><guid>https://blog.sxz799.xyz/posts/%E6%8A%80%E5%B7%A7/2022-10-10-antdesignvue%E5%9C%A8iphone%E6%89%8B%E6%9C%BA%E4%B8%8A%E4%BC%A0%E6%96%87%E4%BB%B6%E6%97%B6%E9%80%89%E6%8B%A9%E6%96%87%E4%BB%B6/</guid><description>&lt;p>还是这个项目
&lt;a href="https://github.com/sxz799/PublicFile-Server" title="PublicFile-Server" rel="noopener external nofollow noreferrer" target="_blank" class=" exturl">
PublicFile-Server
&lt;i class="fa fa-external-link-alt">&lt;/i>
&lt;/a>的前端相关内容。&lt;/p>
&lt;p>突然发现在iPhone上级上传文件的时候直接打开了相机，而在安卓手机上就可以选择相机或者文件。&lt;/p>
&lt;p>搜索后发现只需要添加&lt;code>:capture=&amp;quot;null&amp;quot;&lt;/code>即可。
代码如下：&lt;/p></description></item><item><title>Gin+Vue前后端分离整合部署，不再需要nginx服务器</title><link>https://blog.sxz799.xyz/posts/%E6%8A%80%E5%B7%A7/2022-09-26-gin-vue%E5%89%8D%E5%90%8E%E7%AB%AF%E5%88%86%E7%A6%BB%E6%95%B4%E5%90%88%E9%83%A8%E7%BD%B2%E4%B8%8D%E5%86%8D%E9%9C%80%E8%A6%81nginx%E6%9C%8D%E5%8A%A1%E5%99%A8/</link><pubDate>Mon, 26 Sep 2022 19:46:33 +0000</pubDate><guid>https://blog.sxz799.xyz/posts/%E6%8A%80%E5%B7%A7/2022-09-26-gin-vue%E5%89%8D%E5%90%8E%E7%AB%AF%E5%88%86%E7%A6%BB%E6%95%B4%E5%90%88%E9%83%A8%E7%BD%B2%E4%B8%8D%E5%86%8D%E9%9C%80%E8%A6%81nginx%E6%9C%8D%E5%8A%A1%E5%99%A8/</guid><description>&lt;h2 id="前言">前言
&lt;a class="header-anchor" href="#%e5%89%8d%e8%a8%80">&lt;/a>
&lt;/h2>&lt;p>最近在学前端，写了两个很小的项目
&lt;a href="https://github.com/sxz799/PublicFile-Server" title="PublicFile-Server" rel="noopener external nofollow noreferrer" target="_blank" class=" exturl">
PublicFile-Server
&lt;i class="fa fa-external-link-alt">&lt;/i>
&lt;/a>、
&lt;a href="https://github.com/sxz799/PublicClipboard-Server-NoDB" title="PublicClipboard-Server-NoDB" rel="noopener external nofollow noreferrer" target="_blank" class=" exturl">
PublicClipboard-Server-NoDB
&lt;i class="fa fa-external-link-alt">&lt;/i>
&lt;/a>&lt;/p></description></item><item><title>常用sql语句记录</title><link>https://blog.sxz799.xyz/posts/%E6%8A%80%E5%B7%A7/2022-09-22-%E5%B8%B8%E7%94%A8sql%E8%AF%AD%E5%8F%A5%E8%AE%B0%E5%BD%95/</link><pubDate>Thu, 22 Sep 2022 22:11:09 +0000</pubDate><guid>https://blog.sxz799.xyz/posts/%E6%8A%80%E5%B7%A7/2022-09-22-%E5%B8%B8%E7%94%A8sql%E8%AF%AD%E5%8F%A5%E8%AE%B0%E5%BD%95/</guid><description>批量修改A表中数据在B表中的映射数据 UPDATE tableA a LEFT JOIN tableB b on a.Aid=b.Bid set a.codeA=b.codeB 在oracle中语句如下 UPDATE tableA SET tableA.codeA = ( SELECT tableB.codeB FROM tableB WHERE tableA.Aid = tableB.Bid );</description></item><item><title>oh-my-zsh安装配置记录</title><link>https://blog.sxz799.xyz/posts/%E6%8A%80%E5%B7%A7/2022-09-01-oh-my-zsh%E5%AE%89%E8%A3%85%E9%85%8D%E7%BD%AE%E8%AE%B0%E5%BD%95/</link><pubDate>Thu, 01 Sep 2022 22:13:20 +0000</pubDate><guid>https://blog.sxz799.xyz/posts/%E6%8A%80%E5%B7%A7/2022-09-01-oh-my-zsh%E5%AE%89%E8%A3%85%E9%85%8D%E7%BD%AE%E8%AE%B0%E5%BD%95/</guid><description>&lt;p>Oh My Zsh is a delightful, open source, community-driven framework for managing your Zsh configuration. It comes bundled with thousands of helpful functions, helpers, plugins, themes, and a few things that make you shout&amp;hellip;&lt;/p>
&lt;p>&amp;ldquo;Oh My ZSH!&amp;rdquo;&lt;/p></description></item><item><title>记录一个集合相关算法的实现代码</title><link>https://blog.sxz799.xyz/posts/%E6%8A%80%E5%B7%A7/2022-08-13-%E8%AE%B0%E5%BD%95%E4%B8%80%E4%B8%AA%E9%9B%86%E5%90%88%E7%9B%B8%E5%85%B3%E7%AE%97%E6%B3%95%E7%9A%84%E5%AE%9E%E7%8E%B0%E4%BB%A3%E7%A0%81/</link><pubDate>Sat, 13 Aug 2022 19:45:46 +0000</pubDate><guid>https://blog.sxz799.xyz/posts/%E6%8A%80%E5%B7%A7/2022-08-13-%E8%AE%B0%E5%BD%95%E4%B8%80%E4%B8%AA%E9%9B%86%E5%90%88%E7%9B%B8%E5%85%B3%E7%AE%97%E6%B3%95%E7%9A%84%E5%AE%9E%E7%8E%B0%E4%BB%A3%E7%A0%81/</guid><description>&lt;h3 id="算法说明">算法说明
&lt;a class="header-anchor" href="#%e7%ae%97%e6%b3%95%e8%af%b4%e6%98%8e">&lt;/a>
&lt;/h3>&lt;div class="highlight">&lt;pre tabindex="0" style="color:#c9d1d9;background-color:#0d1117;-moz-tab-size:1;-o-tab-size:1;tab-size:1;">&lt;code class="language-fallback" data-lang="fallback">&lt;span style="display:flex;">&lt;span>讨论个算法
&lt;/span>&lt;/span>&lt;span style="display:flex;">&lt;span>场景一
&lt;/span>&lt;/span>&lt;span style="display:flex;">&lt;span>集合一：1、3 集合二：3、4、5
&lt;/span>&lt;/span>&lt;span style="display:flex;">&lt;span>如何得到 集合 1、4、5
&lt;/span>&lt;/span>&lt;span style="display:flex;">&lt;span>场景二
&lt;/span>&lt;/span>&lt;span style="display:flex;">&lt;span>集合一：1、2、3 集合二：2、3、3、4、5
&lt;/span>&lt;/span>&lt;span style="display:flex;">&lt;span>如何得到 集合 1、3、4、5
&lt;/span>&lt;/span>&lt;/code>&lt;/pre>&lt;/div></description></item><item><title>Mac、PC常用软件分享</title><link>https://blog.sxz799.xyz/posts/%E6%8A%80%E5%B7%A7/2019-12-23-macpc%E5%B8%B8%E7%94%A8%E8%BD%AF%E4%BB%B6%E5%88%86%E4%BA%AB/</link><pubDate>Mon, 23 Dec 2019 22:04:18 +0000</pubDate><guid>https://blog.sxz799.xyz/posts/%E6%8A%80%E5%B7%A7/2019-12-23-macpc%E5%B8%B8%E7%94%A8%E8%BD%AF%E4%BB%B6%E5%88%86%E4%BA%AB/</guid><description>&lt;p>记录在PC和Mac平台下常用的软件自己常用的几款软件&lt;/p></description></item><item><title>Git技巧总结(持续更新)</title><link>https://blog.sxz799.xyz/posts/%E6%8A%80%E5%B7%A7/2019-10-17-git%E6%8A%80%E5%B7%A7%E6%80%BB%E7%BB%93%E6%8C%81%E7%BB%AD%E6%9B%B4%E6%96%B0/</link><pubDate>Thu, 17 Oct 2019 19:45:29 +0000</pubDate><guid>https://blog.sxz799.xyz/posts/%E6%8A%80%E5%B7%A7/2019-10-17-git%E6%8A%80%E5%B7%A7%E6%80%BB%E7%BB%93%E6%8C%81%E7%BB%AD%E6%9B%B4%E6%96%B0/</guid><description>1.git设置快捷脚本 git config --global alias.bp &amp;#39;!hexo clean;hexo g;gulp g;hexo d&amp;#39; 然后使用 git bpush 就可以一键更新博客并发布了(cd 后面的目录为你的博客文件目录） 取消方式 git config --global --unset alias.bpush 2.gi</description></item><item><title>清除Win10系统Windows Defender中病毒扫描记录</title><link>https://blog.sxz799.xyz/posts/%E6%8A%80%E5%B7%A7/2019-06-23-%E6%B8%85%E9%99%A4win10%E7%B3%BB%E7%BB%9Fwindowsdefender%E4%B8%AD%E7%97%85%E6%AF%92%E6%89%AB%E6%8F%8F%E8%AE%B0%E5%BD%95/</link><pubDate>Sun, 23 Jun 2019 20:26:48 +0000</pubDate><guid>https://blog.sxz799.xyz/posts/%E6%8A%80%E5%B7%A7/2019-06-23-%E6%B8%85%E9%99%A4win10%E7%B3%BB%E7%BB%9Fwindowsdefender%E4%B8%AD%E7%97%85%E6%AF%92%E6%89%AB%E6%8F%8F%E8%AE%B0%E5%BD%95/</guid><description>在使用一些小工具，小软件的时候 ⁨Windows Defender⁩经常提示木马或者病毒，而扫描到的病毒记录又没有清除按钮，让一些强迫症患者很难</description></item></channel></rss>