<?xml version="1.0" encoding="utf-8" standalone="yes"?><rss version="2.0" xmlns:atom="http://www.w3.org/2005/Atom"><channel><title>Vercel on 青丝蘸白雪i</title><link>https://blog.sxz799.xyz/tags/vercel/</link><description>Recent content in Vercel on 青丝蘸白雪i</description><generator>Hugo -- gohugo.io</generator><language>zh-CN</language><lastBuildDate>Thu, 06 Apr 2023 16:40:53 +0800</lastBuildDate><atom:link href="https://blog.sxz799.xyz/tags/vercel/rss.xml" rel="self" type="application/rss+xml"/><item><title>使用Vercel部署托管在github上的前端项目</title><link>https://blog.sxz799.xyz/posts/%E6%8A%80%E5%B7%A7/2023-04-06-%E4%BD%BF%E7%94%A8vercel%E9%83%A8%E7%BD%B2%E6%89%98%E7%AE%A1%E5%9C%A8github%E4%B8%8A%E7%9A%84%E5%89%8D%E7%AB%AF%E9%A1%B9%E7%9B%AE/</link><pubDate>Thu, 06 Apr 2023 16:40:53 +0800</pubDate><guid>https://blog.sxz799.xyz/posts/%E6%8A%80%E5%B7%A7/2023-04-06-%E4%BD%BF%E7%94%A8vercel%E9%83%A8%E7%BD%B2%E6%89%98%E7%AE%A1%E5%9C%A8github%E4%B8%8A%E7%9A%84%E5%89%8D%E7%AB%AF%E9%A1%B9%E7%9B%AE/</guid><description>&lt;p>之前写了一个便携剪切板小工具，部署在家里的群晖上面，方便工作时随时写日报。前段时间发现可以用Vercel部署前端项目，还可以自定义域名，这样就不用每次都输入端口信息了。&lt;/p></description></item></channel></rss>