<?xml version="1.0" encoding="utf-8" standalone="yes"?><rss version="2.0" xmlns:atom="http://www.w3.org/2005/Atom"><channel><title>技巧 on 青丝蘸白雪i</title><link>https://blog.sxz799.xyz/tags/%E6%8A%80%E5%B7%A7/</link><description>Recent content in 技巧 on 青丝蘸白雪i</description><generator>Hugo -- gohugo.io</generator><language>zh-CN</language><lastBuildDate>Tue, 30 May 2023 15:52:58 +0800</lastBuildDate><atom:link href="https://blog.sxz799.xyz/tags/%E6%8A%80%E5%B7%A7/rss.xml" rel="self" type="application/rss+xml"/><item><title>Linux登录后出现bash4.2解决办法及原因</title><link>https://blog.sxz799.xyz/posts/%E6%8A%80%E5%B7%A7/2023-05-30-linux%E7%99%BB%E5%BD%95%E5%90%8E%E5%87%BA%E7%8E%B0bash4.2%E8%A7%A3%E5%86%B3%E5%8A%9E%E6%B3%95%E5%8F%8A%E5%8E%9F%E5%9B%A0/</link><pubDate>Tue, 30 May 2023 15:52:58 +0800</pubDate><guid>https://blog.sxz799.xyz/posts/%E6%8A%80%E5%B7%A7/2023-05-30-linux%E7%99%BB%E5%BD%95%E5%90%8E%E5%87%BA%E7%8E%B0bash4.2%E8%A7%A3%E5%86%B3%E5%8A%9E%E6%B3%95%E5%8F%8A%E5%8E%9F%E5%9B%A0/</guid><description>&lt;h3 id="前言">前言
&lt;a class="header-anchor" href="#%e5%89%8d%e8%a8%80">&lt;/a>
&lt;/h3>&lt;p>有一天链接服务器发现变成了变成了这个样子&lt;/p>
&lt;p>&lt;img src="https://blog.sxz799.xyz/imgs/img-lazy-loading.gif" data-src="https://gh.sxz799.online/https://raw.githubusercontent.com/sxz799/tuchuang-blog/main/img/202305/202305301559815.png" alt="" />&lt;/p>
&lt;p>前段时间更新测试时,由于添加了log组件导致将/root目录软链接到了更新目录,在删除目录时将root目录内的东西都删了。再次链接服务器就出现了&lt;code>bash-4.2#&lt;/code>而不是用户名,搜了一下，发现是缺失root目录下的
&lt;code>.bash_profile&lt;/code>和&lt;code>.bashrc&lt;/code> 。&lt;/p></description></item><item><title>使用Cloudflare加速github下载及图床加速</title><link>https://blog.sxz799.xyz/posts/%E6%8A%80%E5%B7%A7/2023-05-25-%E4%BD%BF%E7%94%A8cloudflare%E5%8A%A0%E9%80%9Fgithub%E4%B8%8B%E8%BD%BD%E5%8F%8A%E5%9B%BE%E5%BA%8A%E5%8A%A0%E9%80%9F/</link><pubDate>Thu, 25 May 2023 15:11:46 +0800</pubDate><guid>https://blog.sxz799.xyz/posts/%E6%8A%80%E5%B7%A7/2023-05-25-%E4%BD%BF%E7%94%A8cloudflare%E5%8A%A0%E9%80%9Fgithub%E4%B8%8B%E8%BD%BD%E5%8F%8A%E5%9B%BE%E5%BA%8A%E5%8A%A0%E9%80%9F/</guid><description>&lt;p>网上很多加速github的工具，但是由于使用人数多，效果时好时坏，后来发现可以使用cloudflare搭建自己专属的加速工具，故记录一下搭建流程及使用方式&lt;/p></description></item><item><title>使用Vercel部署托管在github上的前端项目</title><link>https://blog.sxz799.xyz/posts/%E6%8A%80%E5%B7%A7/2023-04-06-%E4%BD%BF%E7%94%A8vercel%E9%83%A8%E7%BD%B2%E6%89%98%E7%AE%A1%E5%9C%A8github%E4%B8%8A%E7%9A%84%E5%89%8D%E7%AB%AF%E9%A1%B9%E7%9B%AE/</link><pubDate>Thu, 06 Apr 2023 16:40:53 +0800</pubDate><guid>https://blog.sxz799.xyz/posts/%E6%8A%80%E5%B7%A7/2023-04-06-%E4%BD%BF%E7%94%A8vercel%E9%83%A8%E7%BD%B2%E6%89%98%E7%AE%A1%E5%9C%A8github%E4%B8%8A%E7%9A%84%E5%89%8D%E7%AB%AF%E9%A1%B9%E7%9B%AE/</guid><description>&lt;p>之前写了一个便携剪切板小工具，部署在家里的群晖上面，方便工作时随时写日报。前段时间发现可以用Vercel部署前端项目，还可以自定义域名，这样就不用每次都输入端口信息了。&lt;/p></description></item><item><title>Openwrt去除小米电视广告</title><link>https://blog.sxz799.xyz/posts/%E6%8A%80%E5%B7%A7/2023-03-24-openwrt%E5%8E%BB%E9%99%A4%E5%B0%8F%E7%B1%B3%E7%94%B5%E8%A7%86%E5%B9%BF%E5%91%8A/</link><pubDate>Fri, 24 Mar 2023 23:42:39 +0800</pubDate><guid>https://blog.sxz799.xyz/posts/%E6%8A%80%E5%B7%A7/2023-03-24-openwrt%E5%8E%BB%E9%99%A4%E5%B0%8F%E7%B1%B3%E7%94%B5%E8%A7%86%E5%B9%BF%E5%91%8A/</guid><description>&lt;p>小米电视去除开机广告及视频开头广告&lt;/p></description></item><item><title>antdesignvue在iPhone手机上传文件时选择文件</title><link>https://blog.sxz799.xyz/posts/%E6%8A%80%E5%B7%A7/2022-10-10-antdesignvue%E5%9C%A8iphone%E6%89%8B%E6%9C%BA%E4%B8%8A%E4%BC%A0%E6%96%87%E4%BB%B6%E6%97%B6%E9%80%89%E6%8B%A9%E6%96%87%E4%BB%B6/</link><pubDate>Mon, 10 Oct 2022 23:54:47 +0000</pubDate><guid>https://blog.sxz799.xyz/posts/%E6%8A%80%E5%B7%A7/2022-10-10-antdesignvue%E5%9C%A8iphone%E6%89%8B%E6%9C%BA%E4%B8%8A%E4%BC%A0%E6%96%87%E4%BB%B6%E6%97%B6%E9%80%89%E6%8B%A9%E6%96%87%E4%BB%B6/</guid><description>&lt;p>还是这个项目
&lt;a href="https://github.com/sxz799/PublicFile-Server" title="PublicFile-Server" rel="noopener external nofollow noreferrer" target="_blank" class=" exturl">
PublicFile-Server
&lt;i class="fa fa-external-link-alt">&lt;/i>
&lt;/a>的前端相关内容。&lt;/p>
&lt;p>突然发现在iPhone上级上传文件的时候直接打开了相机，而在安卓手机上就可以选择相机或者文件。&lt;/p>
&lt;p>搜索后发现只需要添加&lt;code>:capture=&amp;quot;null&amp;quot;&lt;/code>即可。
代码如下：&lt;/p></description></item></channel></rss>