<?xml version="1.0" encoding="utf-8" standalone="yes"?><rss version="2.0" xmlns:atom="http://www.w3.org/2005/Atom"><channel><title>防痴呆 on 青丝蘸白雪i</title><link>https://blog.sxz799.xyz/tags/%E9%98%B2%E7%97%B4%E5%91%86/</link><description>Recent content in 防痴呆 on 青丝蘸白雪i</description><generator>Hugo -- gohugo.io</generator><language>zh-CN</language><lastBuildDate>Tue, 03 Sep 2019 16:50:52 +0000</lastBuildDate><atom:link href="https://blog.sxz799.xyz/tags/%E9%98%B2%E7%97%B4%E5%91%86/rss.xml" rel="self" type="application/rss+xml"/><item><title>修改transmission配置，实现远程访问transmission</title><link>https://blog.sxz799.xyz/posts/%E7%BE%A4%E6%99%96/2019-09-03-%E4%BF%AE%E6%94%B9transmission%E9%85%8D%E7%BD%AE%E5%AE%9E%E7%8E%B0%E8%BF%9C%E7%A8%8B%E8%AE%BF%E9%97%AE/</link><pubDate>Tue, 03 Sep 2019 16:50:52 +0000</pubDate><guid>https://blog.sxz799.xyz/posts/%E7%BE%A4%E6%99%96/2019-09-03-%E4%BF%AE%E6%94%B9transmission%E9%85%8D%E7%BD%AE%E5%AE%9E%E7%8E%B0%E8%BF%9C%E7%A8%8B%E8%AE%BF%E9%97%AE/</guid><description>前言 如果没有修改下面设置也是能打开transmission的web界面，但是你会发现一片空白，提示正在连接服务器。 transmission实</description></item><item><title>清除Win10系统Windows Defender中病毒扫描记录</title><link>https://blog.sxz799.xyz/posts/%E6%8A%80%E5%B7%A7/2019-06-23-%E6%B8%85%E9%99%A4win10%E7%B3%BB%E7%BB%9Fwindowsdefender%E4%B8%AD%E7%97%85%E6%AF%92%E6%89%AB%E6%8F%8F%E8%AE%B0%E5%BD%95/</link><pubDate>Sun, 23 Jun 2019 20:26:48 +0000</pubDate><guid>https://blog.sxz799.xyz/posts/%E6%8A%80%E5%B7%A7/2019-06-23-%E6%B8%85%E9%99%A4win10%E7%B3%BB%E7%BB%9Fwindowsdefender%E4%B8%AD%E7%97%85%E6%AF%92%E6%89%AB%E6%8F%8F%E8%AE%B0%E5%BD%95/</guid><description>在使用一些小工具，小软件的时候 ⁨Windows Defender⁩经常提示木马或者病毒，而扫描到的病毒记录又没有清除按钮，让一些强迫症患者很难</description></item></channel></rss>