<?xml version="1.0" encoding="utf-8" standalone="yes"?><rss version="2.0" xmlns:atom="http://www.w3.org/2005/Atom"><channel><title>code on 青丝蘸白雪i</title><link>https://blog.sxz799.xyz/tags/code/</link><description>Recent content in code on 青丝蘸白雪i</description><generator>Hugo -- gohugo.io</generator><language>zh-CN</language><lastBuildDate>Sat, 13 Aug 2022 19:45:46 +0000</lastBuildDate><atom:link href="https://blog.sxz799.xyz/tags/code/rss.xml" rel="self" type="application/rss+xml"/><item><title>记录一个集合相关算法的实现代码</title><link>https://blog.sxz799.xyz/posts/%E6%8A%80%E5%B7%A7/2022-08-13-%E8%AE%B0%E5%BD%95%E4%B8%80%E4%B8%AA%E9%9B%86%E5%90%88%E7%9B%B8%E5%85%B3%E7%AE%97%E6%B3%95%E7%9A%84%E5%AE%9E%E7%8E%B0%E4%BB%A3%E7%A0%81/</link><pubDate>Sat, 13 Aug 2022 19:45:46 +0000</pubDate><guid>https://blog.sxz799.xyz/posts/%E6%8A%80%E5%B7%A7/2022-08-13-%E8%AE%B0%E5%BD%95%E4%B8%80%E4%B8%AA%E9%9B%86%E5%90%88%E7%9B%B8%E5%85%B3%E7%AE%97%E6%B3%95%E7%9A%84%E5%AE%9E%E7%8E%B0%E4%BB%A3%E7%A0%81/</guid><description>&lt;h3 id="算法说明">算法说明
&lt;a class="header-anchor" href="#%e7%ae%97%e6%b3%95%e8%af%b4%e6%98%8e">&lt;/a>
&lt;/h3>&lt;div class="highlight">&lt;pre tabindex="0" style="color:#c9d1d9;background-color:#0d1117;-moz-tab-size:1;-o-tab-size:1;tab-size:1;">&lt;code class="language-fallback" data-lang="fallback">&lt;span style="display:flex;">&lt;span>讨论个算法
&lt;/span>&lt;/span>&lt;span style="display:flex;">&lt;span>场景一
&lt;/span>&lt;/span>&lt;span style="display:flex;">&lt;span>集合一：1、3 集合二：3、4、5
&lt;/span>&lt;/span>&lt;span style="display:flex;">&lt;span>如何得到 集合 1、4、5
&lt;/span>&lt;/span>&lt;span style="display:flex;">&lt;span>场景二
&lt;/span>&lt;/span>&lt;span style="display:flex;">&lt;span>集合一：1、2、3 集合二：2、3、3、4、5
&lt;/span>&lt;/span>&lt;span style="display:flex;">&lt;span>如何得到 集合 1、3、4、5
&lt;/span>&lt;/span>&lt;/code>&lt;/pre>&lt;/div></description></item></channel></rss>