<?xml version="1.0" encoding="utf-8" standalone="yes"?><rss version="2.0" xmlns:atom="http://www.w3.org/2005/Atom"><channel><title>自动化 on 青丝蘸白雪i</title><link>https://blog.sxz799.xyz/tags/%E8%87%AA%E5%8A%A8%E5%8C%96/</link><description>Recent content in 自动化 on 青丝蘸白雪i</description><generator>Hugo -- gohugo.io</generator><language>zh-CN</language><lastBuildDate>Tue, 09 May 2023 14:32:21 +0800</lastBuildDate><atom:link href="https://blog.sxz799.xyz/tags/%E8%87%AA%E5%8A%A8%E5%8C%96/rss.xml" rel="self" type="application/rss+xml"/><item><title>GithubAction自动编译项目学习笔记</title><link>https://blog.sxz799.xyz/posts/%E6%8A%80%E5%B7%A7/2023-05-09-githubaction%E8%87%AA%E5%8A%A8%E7%BC%96%E8%AF%91%E9%A1%B9%E7%9B%AE%E5%AD%A6%E4%B9%A0%E7%AC%94%E8%AE%B0/</link><pubDate>Tue, 09 May 2023 14:32:21 +0800</pubDate><guid>https://blog.sxz799.xyz/posts/%E6%8A%80%E5%B7%A7/2023-05-09-githubaction%E8%87%AA%E5%8A%A8%E7%BC%96%E8%AF%91%E9%A1%B9%E7%9B%AE%E5%AD%A6%E4%B9%A0%E7%AC%94%E8%AE%B0/</guid><description>&lt;p>最近项目上线要将旧系统的数据导入新系统，旧系统的数据导出到excel文件，然后将文件整理后导入新系统。但是整理文件的时候总是会出现一些简单的错误，每次都有人工校对或者导入时提示太麻烦，于是写了一个小工具让整理数据的门店人员整理数据后自行检测一次。由于数据库使用的是sqlite，我本地的开发环境又是mac，这就导致golang交叉编译时要配置gcc,试了一下，感觉太麻烦了。也尝试过开个虚拟机进行编译，发现效果也不满意。后来发现github action可以在推送项目后自动构建项目，于是实现了项目推到github后,由Github自动编译并打包项目。&lt;/p></description></item><item><title>Python自动化-Selenium基操</title><link>https://blog.sxz799.xyz/posts/python/2022-10-18-python%E8%87%AA%E5%8A%A8%E5%8C%96-selenium%E5%9F%BA%E6%93%8D/</link><pubDate>Tue, 18 Oct 2022 17:13:11 +0000</pubDate><guid>https://blog.sxz799.xyz/posts/python/2022-10-18-python%E8%87%AA%E5%8A%A8%E5%8C%96-selenium%E5%9F%BA%E6%93%8D/</guid><description>&lt;p>最近有一个新的需求要在集团的一个内部系统中根据条件获取获取Excel数据并导入另外一个系统，要用到一些自动化相关内容，所以记录一下。&lt;/p></description></item></channel></rss>