<?xml version="1.0" encoding="utf-8" standalone="yes"?><rss version="2.0" xmlns:atom="http://www.w3.org/2005/Atom"><channel><title>hackintosh on 青丝蘸白雪i</title><link>https://blog.sxz799.xyz/categories/hackintosh/</link><description>Recent content in hackintosh on 青丝蘸白雪i</description><generator>Hugo -- gohugo.io</generator><language>zh-CN</language><lastBuildDate>Thu, 02 Feb 2023 09:02:29 +0800</lastBuildDate><atom:link href="https://blog.sxz799.xyz/categories/hackintosh/rss.xml" rel="self" type="application/rss+xml"/><item><title>BCM943602CS蓝牙修复记录</title><link>https://blog.sxz799.xyz/posts/hackintosh/2023-02-02-bcm943602cs%E8%93%9D%E7%89%99%E4%BF%AE%E5%A4%8D%E8%AE%B0%E5%BD%95/</link><pubDate>Thu, 02 Feb 2023 09:02:29 +0800</pubDate><guid>https://blog.sxz799.xyz/posts/hackintosh/2023-02-02-bcm943602cs%E8%93%9D%E7%89%99%E4%BF%AE%E5%A4%8D%E8%AE%B0%E5%BD%95/</guid><description>&lt;h2 id="前言">前言
&lt;a class="header-anchor" href="#%e5%89%8d%e8%a8%80">&lt;/a>
&lt;/h2>&lt;p>记得在两年前做过一个b85+i5-4950的黑苹果配置，当时是在闲鱼购买的bcm943602cs三天线的无线网卡，安装系统的时候就可以直接免驱，进系统后蓝牙和wifi都是直接免驱，感觉这个卡还挺好的&lt;/p></description></item><item><title>华硕ZX50JX4200黑苹果DSDT/SSDT修补总结(持续更新)</title><link>https://blog.sxz799.xyz/posts/hackintosh/2019-10-19-%E9%BB%91%E8%8B%B9%E6%9E%9C%E4%B9%8B%E5%8D%8E%E7%A1%95zx50jx4200%E9%BB%91%E8%8B%B9%E6%9E%9Cdsdt-ssdt%E4%BF%AE%E8%A1%A5%E6%80%BB%E7%BB%93/</link><pubDate>Sat, 19 Oct 2019 01:10:02 +0000</pubDate><guid>https://blog.sxz799.xyz/posts/hackintosh/2019-10-19-%E9%BB%91%E8%8B%B9%E6%9E%9C%E4%B9%8B%E5%8D%8E%E7%A1%95zx50jx4200%E9%BB%91%E8%8B%B9%E6%9E%9Cdsdt-ssdt%E4%BF%AE%E8%A1%A5%E6%80%BB%E7%BB%93/</guid><description>提取 建议制作Ubuntu的U盘启动提取 反编译 使用iasl 联合反编译 将提取的原始 dsdt和ssdt文件重命名为xxx.aml（xxx为原始文件</description></item><item><title>黑苹果之华硕笔记本键盘灯和Fn快捷键</title><link>https://blog.sxz799.xyz/posts/hackintosh/2019-10-18-%E9%BB%91%E8%8B%B9%E6%9E%9C%E4%B9%8B%E5%8D%8E%E7%A1%95%E7%AC%94%E8%AE%B0%E6%9C%AC%E9%94%AE%E7%9B%98%E7%81%AF%E5%92%8Cfn%E5%BF%AB%E6%8D%B7%E9%94%AE/</link><pubDate>Fri, 18 Oct 2019 21:27:32 +0000</pubDate><guid>https://blog.sxz799.xyz/posts/hackintosh/2019-10-18-%E9%BB%91%E8%8B%B9%E6%9E%9C%E4%B9%8B%E5%8D%8E%E7%A1%95%E7%AC%94%E8%AE%B0%E6%9C%AC%E9%94%AE%E7%9B%98%E7%81%AF%E5%92%8Cfn%E5%BF%AB%E6%8D%B7%E9%94%AE/</guid><description>驱动华硕笔记本的键盘灯和快捷键需要两步 第一步：修改DSDT Haswell机型 打开反编译好的DSDT,搜索“Device (ATKD)”，在其定</description></item><item><title>黑苹果之仿冒白苹果鼠标</title><link>https://blog.sxz799.xyz/posts/hackintosh/2019-10-17-%E9%BB%91%E8%8B%B9%E6%9E%9C%E4%B9%8B%E4%BB%BF%E5%86%92%E7%99%BD%E8%8B%B9%E6%9E%9C%E9%BC%A0%E6%A0%87/</link><pubDate>Thu, 17 Oct 2019 17:11:09 +0000</pubDate><guid>https://blog.sxz799.xyz/posts/hackintosh/2019-10-17-%E9%BB%91%E8%8B%B9%E6%9E%9C%E4%B9%8B%E4%BB%BF%E5%86%92%E7%99%BD%E8%8B%B9%E6%9E%9C%E9%BC%A0%E6%A0%87/</guid><description>仿冒好处 如果你的鼠标有侧键，可以启用部分侧键的功能 需要工具 1.PlistEdit 2.Clover Configurator 正式过程 1.查看关于本机-硬件-USB 查找鼠标对应的产品ID(idProdu</description></item></channel></rss>