<?xml version="1.0" encoding="utf-8" standalone="yes"?><rss version="2.0" xmlns:atom="http://www.w3.org/2005/Atom"><channel><title>教程 on 青丝蘸白雪i</title><link>https://blog.sxz799.xyz/tags/%E6%95%99%E7%A8%8B/</link><description>Recent content in 教程 on 青丝蘸白雪i</description><generator>Hugo -- gohugo.io</generator><language>zh-CN</language><lastBuildDate>Sat, 13 Apr 2019 19:56:01 +0000</lastBuildDate><atom:link href="https://blog.sxz799.xyz/tags/%E6%95%99%E7%A8%8B/rss.xml" rel="self" type="application/rss+xml"/><item><title>Hexo博客个性化定制</title><link>https://blog.sxz799.xyz/posts/blog/2019-04-13-hexo%E5%8D%9A%E5%AE%A2%E4%B8%AA%E6%80%A7%E5%8C%96%E5%AE%9A%E5%88%B6/</link><pubDate>Sat, 13 Apr 2019 19:56:01 +0000</pubDate><guid>https://blog.sxz799.xyz/posts/blog/2019-04-13-hexo%E5%8D%9A%E5%AE%A2%E4%B8%AA%E6%80%A7%E5%8C%96%E5%AE%9A%E5%88%B6/</guid><description>前言 前段时间给博客换了个域名同时更新了博客的Next主题，最新版的7.1，之前是5.x版本。改动太多就直接clone，然后对照之前的一点点修</description></item></channel></rss>