<?xml version="1.0" encoding="utf-8" standalone="yes"?><rss version="2.0" xmlns:atom="http://www.w3.org/2005/Atom"><channel><title>hugo on 青丝蘸白雪i</title><link>https://blog.sxz799.xyz/tags/hugo/</link><description>Recent content in hugo on 青丝蘸白雪i</description><generator>Hugo -- gohugo.io</generator><language>zh-CN</language><lastBuildDate>Mon, 20 Feb 2023 10:54:53 +0800</lastBuildDate><atom:link href="https://blog.sxz799.xyz/tags/hugo/rss.xml" rel="self" type="application/rss+xml"/><item><title>使用hugo和next主题搭建静态博客</title><link>https://blog.sxz799.xyz/posts/blog/2023-02-20-%E4%BD%BF%E7%94%A8hugo%E5%92%8Cnext%E4%B8%BB%E9%A2%98%E6%90%AD%E5%BB%BA%E9%9D%99%E6%80%81%E5%8D%9A%E5%AE%A2/</link><pubDate>Mon, 20 Feb 2023 10:54:53 +0800</pubDate><guid>https://blog.sxz799.xyz/posts/blog/2023-02-20-%E4%BD%BF%E7%94%A8hugo%E5%92%8Cnext%E4%B8%BB%E9%A2%98%E6%90%AD%E5%BB%BA%E9%9D%99%E6%80%81%E5%8D%9A%E5%AE%A2/</guid><description>&lt;p>前两年一直在用hexo写博客，hexo构建需要node环境，且文章数量多了以后构建速度慢了许多，且部署起来比较复杂，所以改用hugo。&lt;/p></description></item></channel></rss>