<?xml version="1.0" encoding="utf-8" standalone="yes"?><rss version="2.0" xmlns:atom="http://www.w3.org/2005/Atom"><channel><title>青丝蘸白雪i</title><link>https://blog.sxz799.xyz/archives/</link><description>Recent content on 青丝蘸白雪i</description><generator>Hugo -- gohugo.io</generator><language>zh-CN</language><lastBuildDate>Tue, 26 Jul 2022 21:46:25 +0800</lastBuildDate><atom:link href="https://blog.sxz799.xyz/archives/rss.xml" rel="self" type="application/rss+xml"/></channel></rss>