<?xml version="1.0" encoding="utf-8" standalone="yes"?><rss version="2.0" xmlns:atom="http://www.w3.org/2005/Atom"><channel><title>oracle on 青丝蘸白雪i</title><link>https://blog.sxz799.xyz/tags/oracle/</link><description>Recent content in oracle on 青丝蘸白雪i</description><generator>Hugo -- gohugo.io</generator><language>zh-CN</language><lastBuildDate>Thu, 22 Sep 2022 22:11:09 +0000</lastBuildDate><atom:link href="https://blog.sxz799.xyz/tags/oracle/rss.xml" rel="self" type="application/rss+xml"/><item><title>常用sql语句记录</title><link>https://blog.sxz799.xyz/posts/%E6%8A%80%E5%B7%A7/2022-09-22-%E5%B8%B8%E7%94%A8sql%E8%AF%AD%E5%8F%A5%E8%AE%B0%E5%BD%95/</link><pubDate>Thu, 22 Sep 2022 22:11:09 +0000</pubDate><guid>https://blog.sxz799.xyz/posts/%E6%8A%80%E5%B7%A7/2022-09-22-%E5%B8%B8%E7%94%A8sql%E8%AF%AD%E5%8F%A5%E8%AE%B0%E5%BD%95/</guid><description>批量修改A表中数据在B表中的映射数据 UPDATE tableA a LEFT JOIN tableB b on a.Aid=b.Bid set a.codeA=b.codeB 在oracle中语句如下 UPDATE tableA SET tableA.codeA = ( SELECT tableB.codeB FROM tableB WHERE tableA.Aid = tableB.Bid );</description></item></channel></rss>