<?xml version="1.0" encoding="utf-8" standalone="yes"?><rss version="2.0" xmlns:atom="http://www.w3.org/2005/Atom"><channel><title>mysql on 青丝蘸白雪i</title><link>https://blog.sxz799.xyz/categories/mysql/</link><description>Recent content in mysql on 青丝蘸白雪i</description><generator>Hugo -- gohugo.io</generator><language>zh-CN</language><lastBuildDate>Mon, 20 Feb 2023 16:30:19 +0800</lastBuildDate><atom:link href="https://blog.sxz799.xyz/categories/mysql/rss.xml" rel="self" type="application/rss+xml"/><item><title>Mysql索引</title><link>https://blog.sxz799.xyz/posts/mysql/2023-02-20-mysql%E7%B4%A2%E5%BC%95/</link><pubDate>Mon, 20 Feb 2023 16:30:19 +0800</pubDate><guid>https://blog.sxz799.xyz/posts/mysql/2023-02-20-mysql%E7%B4%A2%E5%BC%95/</guid><description>&lt;p>在关系数据库中，索引是一种单独的、物理的对数据库表中一列或多列的值进行排序的一种存储结构，它是某个表中一列或若干列值的集合和相应的指向表中物理标识这些值的数据页的逻辑指针清单。索引的作用相当于图书的目录，可以根据目录中的页码快速找到所需的内容。&lt;/p></description></item></channel></rss>