<?xml version="1.0" encoding="utf-8" standalone="yes"?><rss version="2.0" xmlns:atom="http://www.w3.org/2005/Atom"><channel><title>vue on 青丝蘸白雪i</title><link>https://blog.sxz799.xyz/tags/vue/</link><description>Recent content in vue on 青丝蘸白雪i</description><generator>Hugo -- gohugo.io</generator><language>zh-CN</language><lastBuildDate>Thu, 06 Apr 2023 16:40:53 +0800</lastBuildDate><atom:link href="https://blog.sxz799.xyz/tags/vue/rss.xml" rel="self" type="application/rss+xml"/><item><title>使用Vercel部署托管在github上的前端项目</title><link>https://blog.sxz799.xyz/posts/%E6%8A%80%E5%B7%A7/2023-04-06-%E4%BD%BF%E7%94%A8vercel%E9%83%A8%E7%BD%B2%E6%89%98%E7%AE%A1%E5%9C%A8github%E4%B8%8A%E7%9A%84%E5%89%8D%E7%AB%AF%E9%A1%B9%E7%9B%AE/</link><pubDate>Thu, 06 Apr 2023 16:40:53 +0800</pubDate><guid>https://blog.sxz799.xyz/posts/%E6%8A%80%E5%B7%A7/2023-04-06-%E4%BD%BF%E7%94%A8vercel%E9%83%A8%E7%BD%B2%E6%89%98%E7%AE%A1%E5%9C%A8github%E4%B8%8A%E7%9A%84%E5%89%8D%E7%AB%AF%E9%A1%B9%E7%9B%AE/</guid><description>&lt;p>之前写了一个便携剪切板小工具，部署在家里的群晖上面，方便工作时随时写日报。前段时间发现可以用Vercel部署前端项目，还可以自定义域名，这样就不用每次都输入端口信息了。&lt;/p></description></item><item><title>antdesignvue在iPhone手机上传文件时选择文件</title><link>https://blog.sxz799.xyz/posts/%E6%8A%80%E5%B7%A7/2022-10-10-antdesignvue%E5%9C%A8iphone%E6%89%8B%E6%9C%BA%E4%B8%8A%E4%BC%A0%E6%96%87%E4%BB%B6%E6%97%B6%E9%80%89%E6%8B%A9%E6%96%87%E4%BB%B6/</link><pubDate>Mon, 10 Oct 2022 23:54:47 +0000</pubDate><guid>https://blog.sxz799.xyz/posts/%E6%8A%80%E5%B7%A7/2022-10-10-antdesignvue%E5%9C%A8iphone%E6%89%8B%E6%9C%BA%E4%B8%8A%E4%BC%A0%E6%96%87%E4%BB%B6%E6%97%B6%E9%80%89%E6%8B%A9%E6%96%87%E4%BB%B6/</guid><description>&lt;p>还是这个项目
&lt;a href="https://github.com/sxz799/PublicFile-Server" title="PublicFile-Server" rel="noopener external nofollow noreferrer" target="_blank" class=" exturl">
PublicFile-Server
&lt;i class="fa fa-external-link-alt">&lt;/i>
&lt;/a>的前端相关内容。&lt;/p>
&lt;p>突然发现在iPhone上级上传文件的时候直接打开了相机，而在安卓手机上就可以选择相机或者文件。&lt;/p>
&lt;p>搜索后发现只需要添加&lt;code>:capture=&amp;quot;null&amp;quot;&lt;/code>即可。
代码如下：&lt;/p></description></item><item><title>Gin+Vue前后端分离整合部署，不再需要nginx服务器</title><link>https://blog.sxz799.xyz/posts/%E6%8A%80%E5%B7%A7/2022-09-26-gin-vue%E5%89%8D%E5%90%8E%E7%AB%AF%E5%88%86%E7%A6%BB%E6%95%B4%E5%90%88%E9%83%A8%E7%BD%B2%E4%B8%8D%E5%86%8D%E9%9C%80%E8%A6%81nginx%E6%9C%8D%E5%8A%A1%E5%99%A8/</link><pubDate>Mon, 26 Sep 2022 19:46:33 +0000</pubDate><guid>https://blog.sxz799.xyz/posts/%E6%8A%80%E5%B7%A7/2022-09-26-gin-vue%E5%89%8D%E5%90%8E%E7%AB%AF%E5%88%86%E7%A6%BB%E6%95%B4%E5%90%88%E9%83%A8%E7%BD%B2%E4%B8%8D%E5%86%8D%E9%9C%80%E8%A6%81nginx%E6%9C%8D%E5%8A%A1%E5%99%A8/</guid><description>&lt;h2 id="前言">前言
&lt;a class="header-anchor" href="#%e5%89%8d%e8%a8%80">&lt;/a>
&lt;/h2>&lt;p>最近在学前端，写了两个很小的项目
&lt;a href="https://github.com/sxz799/PublicFile-Server" title="PublicFile-Server" rel="noopener external nofollow noreferrer" target="_blank" class=" exturl">
PublicFile-Server
&lt;i class="fa fa-external-link-alt">&lt;/i>
&lt;/a>、
&lt;a href="https://github.com/sxz799/PublicClipboard-Server-NoDB" title="PublicClipboard-Server-NoDB" rel="noopener external nofollow noreferrer" target="_blank" class=" exturl">
PublicClipboard-Server-NoDB
&lt;i class="fa fa-external-link-alt">&lt;/i>
&lt;/a>&lt;/p></description></item></channel></rss>