<?xml version="1.0" encoding="utf-8" standalone="yes"?><rss version="2.0" xmlns:atom="http://www.w3.org/2005/Atom"><channel><title>docker on 青丝蘸白雪i</title><link>https://blog.sxz799.xyz/tags/docker/</link><description>Recent content in docker on 青丝蘸白雪i</description><generator>Hugo -- gohugo.io</generator><language>zh-CN</language><lastBuildDate>Sun, 20 Aug 2023 00:16:17 +0800</lastBuildDate><atom:link href="https://blog.sxz799.xyz/tags/docker/rss.xml" rel="self" type="application/rss+xml"/><item><title>记录一次折腾了一下午的nginx配置文件问题</title><link>https://blog.sxz799.xyz/posts/%E6%8A%80%E5%B7%A7/2023-08-20-%E8%AE%B0%E5%BD%95%E4%B8%80%E6%AC%A1%E6%8A%98%E8%85%BE%E4%BA%86%E4%B8%80%E4%B8%8B%E5%8D%88%E7%9A%84nginx%E9%85%8D%E7%BD%AE%E6%96%87%E4%BB%B6%E9%97%AE%E9%A2%98/</link><pubDate>Sun, 20 Aug 2023 00:16:17 +0800</pubDate><guid>https://blog.sxz799.xyz/posts/%E6%8A%80%E5%B7%A7/2023-08-20-%E8%AE%B0%E5%BD%95%E4%B8%80%E6%AC%A1%E6%8A%98%E8%85%BE%E4%BA%86%E4%B8%80%E4%B8%8B%E5%8D%88%E7%9A%84nginx%E9%85%8D%E7%BD%AE%E6%96%87%E4%BB%B6%E9%97%AE%E9%A2%98/</guid><description>&lt;p>想着写一个后端使用gin + gorm + mysql,前端使用vue3 vite + element plus 的项目模板，但是在写docker-compose调试的时候,总是报404错误，后来发现是nginx配置文件的问题。&lt;/p></description></item><item><title>Docker神器之迅雷远程下载(群辉 Linux)</title><link>https://blog.sxz799.xyz/posts/%E7%BE%A4%E6%99%96/2019-04-15-docker%E7%A5%9E%E5%99%A8%E4%B9%8B%E8%BF%85%E9%9B%B7%E8%BF%9C%E7%A8%8B%E4%B8%8B%E8%BD%BD%E7%BE%A4%E8%BE%89linux/</link><pubDate>Mon, 15 Apr 2019 22:22:31 +0000</pubDate><guid>https://blog.sxz799.xyz/posts/%E7%BE%A4%E6%99%96/2019-04-15-docker%E7%A5%9E%E5%99%A8%E4%B9%8B%E8%BF%85%E9%9B%B7%E8%BF%9C%E7%A8%8B%E4%B8%8B%E8%BD%BD%E7%BE%A4%E8%BE%89linux/</guid><description>镜像作者Docker 链接 2022年08月13日19:36:14 现在群晖已经有迅雷的官方客户端了&amp;hellip; 2019-10-16 19:45:58 更新 现在迅雷远程速度很慢，</description></item><item><title>Docker神器之百度云下载(群辉 LEDE)</title><link>https://blog.sxz799.xyz/posts/%E7%BE%A4%E6%99%96/2019-03-30-docker%E7%A5%9E%E5%99%A8%E4%B9%8B%E7%99%BE%E5%BA%A6%E4%BA%91%E4%B8%8B%E8%BD%BD%E7%BE%A4%E8%BE%89lede/</link><pubDate>Sat, 30 Mar 2019 14:15:50 +0000</pubDate><guid>https://blog.sxz799.xyz/posts/%E7%BE%A4%E6%99%96/2019-03-30-docker%E7%A5%9E%E5%99%A8%E4%B9%8B%E7%99%BE%E5%BA%A6%E4%BA%91%E4%B8%8B%E8%BD%BD%E7%BE%A4%E8%BE%89lede/</guid><description>前言 入手了蜗牛星际，安装了lede以后发现酷软中心的aria2和tr都不能正常工作，可能是版本bug，无意间在论坛发现了利用docker这一</description></item></channel></rss>