<?xml version="1.0" encoding="utf-8" standalone="yes"?><rss version="2.0" xmlns:atom="http://www.w3.org/2005/Atom"><channel><title>总结 on 青丝蘸白雪i</title><link>https://blog.sxz799.xyz/tags/%E6%80%BB%E7%BB%93/</link><description>Recent content in 总结 on 青丝蘸白雪i</description><generator>Hugo -- gohugo.io</generator><language>zh-CN</language><lastBuildDate>Wed, 20 Mar 2019 23:57:50 +0000</lastBuildDate><atom:link href="https://blog.sxz799.xyz/tags/%E6%80%BB%E7%BB%93/rss.xml" rel="self" type="application/rss+xml"/><item><title>Hexo静态博客搭建总结</title><link>https://blog.sxz799.xyz/posts/blog/2019-03-20-hexo%E9%9D%99%E6%80%81%E5%8D%9A%E5%AE%A2%E6%90%AD%E5%BB%BA%E6%80%BB%E7%BB%93/</link><pubDate>Wed, 20 Mar 2019 23:57:50 +0000</pubDate><guid>https://blog.sxz799.xyz/posts/blog/2019-03-20-hexo%E9%9D%99%E6%80%81%E5%8D%9A%E5%AE%A2%E6%90%AD%E5%BB%BA%E6%80%BB%E7%BB%93/</guid><description>第一次搭建博客大约是在18年6月份。当时是在腾讯云vps上安装宝塔，然后宝塔内部一键安装WordPress博客。在18年12月份发现Gith</description></item></channel></rss>