<?xml version="1.0" encoding="utf-8" standalone="yes"?><rss version="2.0" xmlns:atom="http://www.w3.org/2005/Atom"><channel><title>软路由 on 青丝蘸白雪i</title><link>https://blog.sxz799.xyz/categories/%E8%BD%AF%E8%B7%AF%E7%94%B1/</link><description>Recent content in 软路由 on 青丝蘸白雪i</description><generator>Hugo -- gohugo.io</generator><language>zh-CN</language><lastBuildDate>Thu, 11 Apr 2019 16:39:01 +0000</lastBuildDate><atom:link href="https://blog.sxz799.xyz/categories/%E8%BD%AF%E8%B7%AF%E7%94%B1/rss.xml" rel="self" type="application/rss+xml"/><item><title>FRP内网穿透访问家中的NAS和路由器后台</title><link>https://blog.sxz799.xyz/posts/%E8%BD%AF%E8%B7%AF%E7%94%B1/2019-04-11-frp%E5%86%85%E7%BD%91%E7%A9%BF%E9%80%8F%E8%AE%BF%E9%97%AE%E5%AE%B6%E4%B8%AD%E7%9A%84nas%E5%92%8C%E8%B7%AF%E7%94%B1%E5%99%A8%E5%90%8E%E5%8F%B0/</link><pubDate>Thu, 11 Apr 2019 16:39:01 +0000</pubDate><guid>https://blog.sxz799.xyz/posts/%E8%BD%AF%E8%B7%AF%E7%94%B1/2019-04-11-frp%E5%86%85%E7%BD%91%E7%A9%BF%E9%80%8F%E8%AE%BF%E9%97%AE%E5%AE%B6%E4%B8%AD%E7%9A%84nas%E5%92%8C%E8%B7%AF%E7%94%B1%E5%99%A8%E5%90%8E%E5%8F%B0/</guid><description>前言 自从入手了蜗牛星际以后，一直在折腾，先是安装了软路由，现在换成了PVE下虚拟LEDE软路由和黑群晖。可以远程访问的NAS才是一个完整的N</description></item><item><title>蜗牛星际之安装PVE+LEDE+群辉</title><link>https://blog.sxz799.xyz/posts/%E8%BD%AF%E8%B7%AF%E7%94%B1/2019-04-06-%E8%9C%97%E7%89%9B%E6%98%9F%E9%99%85%E4%B9%8B%E5%AE%89%E8%A3%85pvelede%E7%BE%A4%E8%BE%89/</link><pubDate>Sat, 06 Apr 2019 19:54:28 +0000</pubDate><guid>https://blog.sxz799.xyz/posts/%E8%BD%AF%E8%B7%AF%E7%94%B1/2019-04-06-%E8%9C%97%E7%89%9B%E6%98%9F%E9%99%85%E4%B9%8B%E5%AE%89%E8%A3%85pvelede%E7%BE%A4%E8%BE%89/</guid><description>前言 上次安装了LEDE软路由后，也挂载了一个500G的硬盘，但总感觉对于J1900+4G内存来说有点浪费，还有那么大哥机箱，如果不做NAS有</description></item><item><title>软路由LEDE系统之samba局域网共享</title><link>https://blog.sxz799.xyz/posts/%E8%BD%AF%E8%B7%AF%E7%94%B1/2019-03-29-%E8%BD%AF%E8%B7%AF%E7%94%B1lede%E7%B3%BB%E7%BB%9F%E4%B9%8Bsamba%E5%B1%80%E5%9F%9F%E7%BD%91%E5%85%B1%E4%BA%AB/</link><pubDate>Fri, 29 Mar 2019 23:15:56 +0000</pubDate><guid>https://blog.sxz799.xyz/posts/%E8%BD%AF%E8%B7%AF%E7%94%B1/2019-03-29-%E8%BD%AF%E8%B7%AF%E7%94%B1lede%E7%B3%BB%E7%BB%9F%E4%B9%8Bsamba%E5%B1%80%E5%9F%9F%E7%BD%91%E5%85%B1%E4%BA%AB/</guid><description>前言 上周末看油管的时候发现了一款极具性价比的NAS-蜗牛星际。矿渣nas，三月初就开卖了，当时好像200包邮。我入手有点晚所以价格也高一些。</description></item><item><title>VMware虚拟机体验koolshare论坛LEDE固件</title><link>https://blog.sxz799.xyz/posts/%E8%BD%AF%E8%B7%AF%E7%94%B1/2019-03-17-vmware%E8%99%9A%E6%8B%9F%E6%9C%BA%E4%BD%93%E9%AA%8Ckoolshare%E8%AE%BA%E5%9D%9Blede%E5%9B%BA%E4%BB%B6/</link><pubDate>Sun, 17 Mar 2019 21:38:09 +0000</pubDate><guid>https://blog.sxz799.xyz/posts/%E8%BD%AF%E8%B7%AF%E7%94%B1/2019-03-17-vmware%E8%99%9A%E6%8B%9F%E6%9C%BA%E4%BD%93%E9%AA%8Ckoolshare%E8%AE%BA%E5%9D%9Blede%E5%9B%BA%E4%BB%B6/</guid><description>​ 博主自用的是路由器是斐讯K2P A2版，性能足够满足大多数家庭的需要了，但还是听说koolshare论坛的lede固件功能丰富，是软路由很常</description></item><item><title>虚拟机内系统通过NAT方式连接外网，同时与本机进行通信</title><link>https://blog.sxz799.xyz/posts/%E8%BD%AF%E8%B7%AF%E7%94%B1/2019-03-13-%E8%99%9A%E6%8B%9F%E6%9C%BA%E5%86%85%E7%B3%BB%E7%BB%9F%E9%80%9A%E8%BF%87nat%E6%96%B9%E5%BC%8F%E8%BF%9E%E6%8E%A5%E5%A4%96%E7%BD%91%E5%90%8C%E6%97%B6%E4%B8%8E%E6%9C%AC%E6%9C%BA%E8%BF%9B%E8%A1%8C%E9%80%9A%E4%BF%A1/</link><pubDate>Wed, 13 Mar 2019 21:53:21 +0000</pubDate><guid>https://blog.sxz799.xyz/posts/%E8%BD%AF%E8%B7%AF%E7%94%B1/2019-03-13-%E8%99%9A%E6%8B%9F%E6%9C%BA%E5%86%85%E7%B3%BB%E7%BB%9F%E9%80%9A%E8%BF%87nat%E6%96%B9%E5%BC%8F%E8%BF%9E%E6%8E%A5%E5%A4%96%E7%BD%91%E5%90%8C%E6%97%B6%E4%B8%8E%E6%9C%AC%E6%9C%BA%E8%BF%9B%E8%A1%8C%E9%80%9A%E4%BF%A1/</guid><description>前言 就在今天下午上课的时候突然发现自己好久没有写blog了，可能最近学习太忙，也可能最近没啥好写的。今天上课的时候有同学问到我关于虚拟机系统</description></item></channel></rss>