<?xml version="1.0" encoding="utf-8" standalone="yes"?><rss version="2.0" xmlns:atom="http://www.w3.org/2005/Atom"><channel><title>前端 on 青丝蘸白雪i</title><link>https://blog.sxz799.xyz/tags/%E5%89%8D%E7%AB%AF/</link><description>Recent content in 前端 on 青丝蘸白雪i</description><generator>Hugo -- gohugo.io</generator><language>zh-CN</language><lastBuildDate>Wed, 02 Aug 2023 21:48:06 +0800</lastBuildDate><atom:link href="https://blog.sxz799.xyz/tags/%E5%89%8D%E7%AB%AF/rss.xml" rel="self" type="application/rss+xml"/><item><title>Ruoyi框架部门多选配置</title><link>https://blog.sxz799.xyz/posts/%E6%8A%80%E5%B7%A7/2023-08-02-ruoyi%E6%A1%86%E6%9E%B6%E9%83%A8%E9%97%A8%E5%A4%9A%E9%80%89%E9%85%8D%E7%BD%AE/</link><pubDate>Wed, 02 Aug 2023 21:48:06 +0800</pubDate><guid>https://blog.sxz799.xyz/posts/%E6%8A%80%E5%B7%A7/2023-08-02-ruoyi%E6%A1%86%E6%9E%B6%E9%83%A8%E9%97%A8%E5%A4%9A%E9%80%89%E9%85%8D%E7%BD%AE/</guid><description>&lt;p>开发中遇到一个需求,简化一下可以理解为为一个用户配置多个部门。通常情况下要用主子表实现,但这里仅需要记录一个编码，故放在主表一个字段里即可(用逗号分隔)。如果想方便的禁用或启用某个部门,还是用主子表实现比较好。&lt;/p></description></item><item><title>使用Vercel部署托管在github上的前端项目</title><link>https://blog.sxz799.xyz/posts/%E6%8A%80%E5%B7%A7/2023-04-06-%E4%BD%BF%E7%94%A8vercel%E9%83%A8%E7%BD%B2%E6%89%98%E7%AE%A1%E5%9C%A8github%E4%B8%8A%E7%9A%84%E5%89%8D%E7%AB%AF%E9%A1%B9%E7%9B%AE/</link><pubDate>Thu, 06 Apr 2023 16:40:53 +0800</pubDate><guid>https://blog.sxz799.xyz/posts/%E6%8A%80%E5%B7%A7/2023-04-06-%E4%BD%BF%E7%94%A8vercel%E9%83%A8%E7%BD%B2%E6%89%98%E7%AE%A1%E5%9C%A8github%E4%B8%8A%E7%9A%84%E5%89%8D%E7%AB%AF%E9%A1%B9%E7%9B%AE/</guid><description>&lt;p>之前写了一个便携剪切板小工具，部署在家里的群晖上面，方便工作时随时写日报。前段时间发现可以用Vercel部署前端项目，还可以自定义域名，这样就不用每次都输入端口信息了。&lt;/p></description></item><item><title>antdesignvue在iPhone手机上传文件时选择文件</title><link>https://blog.sxz799.xyz/posts/%E6%8A%80%E5%B7%A7/2022-10-10-antdesignvue%E5%9C%A8iphone%E6%89%8B%E6%9C%BA%E4%B8%8A%E4%BC%A0%E6%96%87%E4%BB%B6%E6%97%B6%E9%80%89%E6%8B%A9%E6%96%87%E4%BB%B6/</link><pubDate>Mon, 10 Oct 2022 23:54:47 +0000</pubDate><guid>https://blog.sxz799.xyz/posts/%E6%8A%80%E5%B7%A7/2022-10-10-antdesignvue%E5%9C%A8iphone%E6%89%8B%E6%9C%BA%E4%B8%8A%E4%BC%A0%E6%96%87%E4%BB%B6%E6%97%B6%E9%80%89%E6%8B%A9%E6%96%87%E4%BB%B6/</guid><description>&lt;p>还是这个项目
&lt;a href="https://github.com/sxz799/PublicFile-Server" title="PublicFile-Server" rel="noopener external nofollow noreferrer" target="_blank" class=" exturl">
PublicFile-Server
&lt;i class="fa fa-external-link-alt">&lt;/i>
&lt;/a>的前端相关内容。&lt;/p>
&lt;p>突然发现在iPhone上级上传文件的时候直接打开了相机，而在安卓手机上就可以选择相机或者文件。&lt;/p>
&lt;p>搜索后发现只需要添加&lt;code>:capture=&amp;quot;null&amp;quot;&lt;/code>即可。
代码如下：&lt;/p></description></item></channel></rss>