<?xml version="1.0" encoding="utf-8" standalone="yes"?><rss version="2.0" xmlns:atom="http://www.w3.org/2005/Atom"><channel><title>blog on 青丝蘸白雪i</title><link>https://blog.sxz799.xyz/categories/blog/</link><description>Recent content in blog on 青丝蘸白雪i</description><generator>Hugo -- gohugo.io</generator><language>zh-CN</language><lastBuildDate>Mon, 20 Feb 2023 10:54:53 +0800</lastBuildDate><atom:link href="https://blog.sxz799.xyz/categories/blog/rss.xml" rel="self" type="application/rss+xml"/><item><title>使用hugo和next主题搭建静态博客</title><link>https://blog.sxz799.xyz/posts/blog/2023-02-20-%E4%BD%BF%E7%94%A8hugo%E5%92%8Cnext%E4%B8%BB%E9%A2%98%E6%90%AD%E5%BB%BA%E9%9D%99%E6%80%81%E5%8D%9A%E5%AE%A2/</link><pubDate>Mon, 20 Feb 2023 10:54:53 +0800</pubDate><guid>https://blog.sxz799.xyz/posts/blog/2023-02-20-%E4%BD%BF%E7%94%A8hugo%E5%92%8Cnext%E4%B8%BB%E9%A2%98%E6%90%AD%E5%BB%BA%E9%9D%99%E6%80%81%E5%8D%9A%E5%AE%A2/</guid><description>&lt;p>前两年一直在用hexo写博客，hexo构建需要node环境，且文章数量多了以后构建速度慢了许多，且部署起来比较复杂，所以改用hugo。&lt;/p></description></item><item><title>Hexo博客之Valine评论系统及邮件通知插件</title><link>https://blog.sxz799.xyz/posts/blog/2020-02-22-hexo%E5%8D%9A%E5%AE%A2%E4%B9%8Bvaline%E8%AF%84%E8%AE%BA%E7%B3%BB%E7%BB%9F%E5%8F%8A%E9%82%AE%E4%BB%B6%E9%80%9A%E7%9F%A5%E6%8F%92%E4%BB%B6/</link><pubDate>Sat, 22 Feb 2020 16:18:12 +0000</pubDate><guid>https://blog.sxz799.xyz/posts/blog/2020-02-22-hexo%E5%8D%9A%E5%AE%A2%E4%B9%8Bvaline%E8%AF%84%E8%AE%BA%E7%B3%BB%E7%BB%9F%E5%8F%8A%E9%82%AE%E4%BB%B6%E9%80%9A%E7%9F%A5%E6%8F%92%E4%BB%B6/</guid><description>在之前的文章中曾经提到过Valine的评论系统，今天来系统的介绍一下使用方法和添加邮件提醒功能。 首先要感谢 Valine 开发好用的项目和DesertsP</description></item><item><title>Hexo博客添加Live2D小宠物</title><link>https://blog.sxz799.xyz/posts/blog/2019-04-18-hexo%E5%8D%9A%E5%AE%A2%E6%B7%BB%E5%8A%A0live2d%E5%B0%8F%E5%AE%A0%E7%89%A9/</link><pubDate>Thu, 18 Apr 2019 17:09:30 +0000</pubDate><guid>https://blog.sxz799.xyz/posts/blog/2019-04-18-hexo%E5%8D%9A%E5%AE%A2%E6%B7%BB%E5%8A%A0live2d%E5%B0%8F%E5%AE%A0%E7%89%A9/</guid><description>在博客搭建之初这个插件我就用上了，时间久了，难免有些视觉疲劳，所以打算换个宠物。 项目地址 预览地址 一、安装Live2D插件 npm install --save hexo-helper-live2d npm install xxxxx //x</description></item><item><title>Hexo博客个性化定制</title><link>https://blog.sxz799.xyz/posts/blog/2019-04-13-hexo%E5%8D%9A%E5%AE%A2%E4%B8%AA%E6%80%A7%E5%8C%96%E5%AE%9A%E5%88%B6/</link><pubDate>Sat, 13 Apr 2019 19:56:01 +0000</pubDate><guid>https://blog.sxz799.xyz/posts/blog/2019-04-13-hexo%E5%8D%9A%E5%AE%A2%E4%B8%AA%E6%80%A7%E5%8C%96%E5%AE%9A%E5%88%B6/</guid><description>前言 前段时间给博客换了个域名同时更新了博客的Next主题，最新版的7.1，之前是5.x版本。改动太多就直接clone，然后对照之前的一点点修</description></item><item><title>Hexo静态博客搭建总结</title><link>https://blog.sxz799.xyz/posts/blog/2019-03-20-hexo%E9%9D%99%E6%80%81%E5%8D%9A%E5%AE%A2%E6%90%AD%E5%BB%BA%E6%80%BB%E7%BB%93/</link><pubDate>Wed, 20 Mar 2019 23:57:50 +0000</pubDate><guid>https://blog.sxz799.xyz/posts/blog/2019-03-20-hexo%E9%9D%99%E6%80%81%E5%8D%9A%E5%AE%A2%E6%90%AD%E5%BB%BA%E6%80%BB%E7%BB%93/</guid><description>第一次搭建博客大约是在18年6月份。当时是在腾讯云vps上安装宝塔，然后宝塔内部一键安装WordPress博客。在18年12月份发现Gith</description></item></channel></rss>