<?xml version="1.0" encoding="utf-8" standalone="yes"?><rss version="2.0" xmlns:atom="http://www.w3.org/2005/Atom"><channel><title>图床 on 青丝蘸白雪i</title><link>https://blog.sxz799.xyz/tags/%E5%9B%BE%E5%BA%8A/</link><description>Recent content in 图床 on 青丝蘸白雪i</description><generator>Hugo -- gohugo.io</generator><language>zh-CN</language><lastBuildDate>Thu, 25 May 2023 15:11:46 +0800</lastBuildDate><atom:link href="https://blog.sxz799.xyz/tags/%E5%9B%BE%E5%BA%8A/rss.xml" rel="self" type="application/rss+xml"/><item><title>使用Cloudflare加速github下载及图床加速</title><link>https://blog.sxz799.xyz/posts/%E6%8A%80%E5%B7%A7/2023-05-25-%E4%BD%BF%E7%94%A8cloudflare%E5%8A%A0%E9%80%9Fgithub%E4%B8%8B%E8%BD%BD%E5%8F%8A%E5%9B%BE%E5%BA%8A%E5%8A%A0%E9%80%9F/</link><pubDate>Thu, 25 May 2023 15:11:46 +0800</pubDate><guid>https://blog.sxz799.xyz/posts/%E6%8A%80%E5%B7%A7/2023-05-25-%E4%BD%BF%E7%94%A8cloudflare%E5%8A%A0%E9%80%9Fgithub%E4%B8%8B%E8%BD%BD%E5%8F%8A%E5%9B%BE%E5%BA%8A%E5%8A%A0%E9%80%9F/</guid><description>&lt;p>网上很多加速github的工具，但是由于使用人数多，效果时好时坏，后来发现可以使用cloudflare搭建自己专属的加速工具，故记录一下搭建流程及使用方式&lt;/p></description></item></channel></rss>