<?xml version="1.0" encoding="utf-8" standalone="yes"?><rss version="2.0" xmlns:atom="http://www.w3.org/2005/Atom"><channel><title>Gin on 青丝蘸白雪i</title><link>https://blog.sxz799.xyz/tags/gin/</link><description>Recent content in Gin on 青丝蘸白雪i</description><generator>Hugo -- gohugo.io</generator><language>zh-CN</language><lastBuildDate>Mon, 26 Sep 2022 19:46:33 +0000</lastBuildDate><atom:link href="https://blog.sxz799.xyz/tags/gin/rss.xml" rel="self" type="application/rss+xml"/><item><title>Gin+Vue前后端分离整合部署，不再需要nginx服务器</title><link>https://blog.sxz799.xyz/posts/%E6%8A%80%E5%B7%A7/2022-09-26-gin-vue%E5%89%8D%E5%90%8E%E7%AB%AF%E5%88%86%E7%A6%BB%E6%95%B4%E5%90%88%E9%83%A8%E7%BD%B2%E4%B8%8D%E5%86%8D%E9%9C%80%E8%A6%81nginx%E6%9C%8D%E5%8A%A1%E5%99%A8/</link><pubDate>Mon, 26 Sep 2022 19:46:33 +0000</pubDate><guid>https://blog.sxz799.xyz/posts/%E6%8A%80%E5%B7%A7/2022-09-26-gin-vue%E5%89%8D%E5%90%8E%E7%AB%AF%E5%88%86%E7%A6%BB%E6%95%B4%E5%90%88%E9%83%A8%E7%BD%B2%E4%B8%8D%E5%86%8D%E9%9C%80%E8%A6%81nginx%E6%9C%8D%E5%8A%A1%E5%99%A8/</guid><description>&lt;h2 id="前言">前言
&lt;a class="header-anchor" href="#%e5%89%8d%e8%a8%80">&lt;/a>
&lt;/h2>&lt;p>最近在学前端，写了两个很小的项目
&lt;a href="https://github.com/sxz799/PublicFile-Server" title="PublicFile-Server" rel="noopener external nofollow noreferrer" target="_blank" class=" exturl">
PublicFile-Server
&lt;i class="fa fa-external-link-alt">&lt;/i>
&lt;/a>、
&lt;a href="https://github.com/sxz799/PublicClipboard-Server-NoDB" title="PublicClipboard-Server-NoDB" rel="noopener external nofollow noreferrer" target="_blank" class=" exturl">
PublicClipboard-Server-NoDB
&lt;i class="fa fa-external-link-alt">&lt;/i>
&lt;/a>&lt;/p></description></item></channel></rss>