<?xml version="1.0" encoding="utf-8" standalone="yes"?><rss version="2.0" xmlns:atom="http://www.w3.org/2005/Atom"><channel><title>常用软件 on 青丝蘸白雪i</title><link>https://blog.sxz799.xyz/tags/%E5%B8%B8%E7%94%A8%E8%BD%AF%E4%BB%B6/</link><description>Recent content in 常用软件 on 青丝蘸白雪i</description><generator>Hugo -- gohugo.io</generator><language>zh-CN</language><lastBuildDate>Mon, 23 Dec 2019 22:04:18 +0000</lastBuildDate><atom:link href="https://blog.sxz799.xyz/tags/%E5%B8%B8%E7%94%A8%E8%BD%AF%E4%BB%B6/rss.xml" rel="self" type="application/rss+xml"/><item><title>Mac、PC常用软件分享</title><link>https://blog.sxz799.xyz/posts/%E6%8A%80%E5%B7%A7/2019-12-23-macpc%E5%B8%B8%E7%94%A8%E8%BD%AF%E4%BB%B6%E5%88%86%E4%BA%AB/</link><pubDate>Mon, 23 Dec 2019 22:04:18 +0000</pubDate><guid>https://blog.sxz799.xyz/posts/%E6%8A%80%E5%B7%A7/2019-12-23-macpc%E5%B8%B8%E7%94%A8%E8%BD%AF%E4%BB%B6%E5%88%86%E4%BA%AB/</guid><description>&lt;p>记录在PC和Mac平台下常用的软件自己常用的几款软件&lt;/p></description></item></channel></rss>