<?xml version="1.0" encoding="utf-8" standalone="yes"?><rss version="2.0" xmlns:atom="http://www.w3.org/2005/Atom"><channel><title>python on 青丝蘸白雪i</title><link>https://blog.sxz799.xyz/categories/python/</link><description>Recent content in python on 青丝蘸白雪i</description><generator>Hugo -- gohugo.io</generator><language>zh-CN</language><lastBuildDate>Tue, 18 Oct 2022 17:13:11 +0000</lastBuildDate><atom:link href="https://blog.sxz799.xyz/categories/python/rss.xml" rel="self" type="application/rss+xml"/><item><title>Python自动化-Selenium基操</title><link>https://blog.sxz799.xyz/posts/python/2022-10-18-python%E8%87%AA%E5%8A%A8%E5%8C%96-selenium%E5%9F%BA%E6%93%8D/</link><pubDate>Tue, 18 Oct 2022 17:13:11 +0000</pubDate><guid>https://blog.sxz799.xyz/posts/python/2022-10-18-python%E8%87%AA%E5%8A%A8%E5%8C%96-selenium%E5%9F%BA%E6%93%8D/</guid><description>&lt;p>最近有一个新的需求要在集团的一个内部系统中根据条件获取获取Excel数据并导入另外一个系统，要用到一些自动化相关内容，所以记录一下。&lt;/p></description></item><item><title>Python笔记之模拟键盘鼠标操作</title><link>https://blog.sxz799.xyz/posts/python/2019-12-04-python%E7%AC%94%E8%AE%B0%E4%B9%8B%E6%A8%A1%E6%8B%9F%E9%94%AE%E7%9B%98%E9%BC%A0%E6%A0%87%E6%93%8D%E4%BD%9C/</link><pubDate>Wed, 04 Dec 2019 23:10:53 +0000</pubDate><guid>https://blog.sxz799.xyz/posts/python/2019-12-04-python%E7%AC%94%E8%AE%B0%E4%B9%8B%E6%A8%A1%E6%8B%9F%E9%94%AE%E7%9B%98%E9%BC%A0%E6%A0%87%E6%93%8D%E4%BD%9C/</guid><description>前言：因为手上有两张电话卡，一张是接收验证码用的，而短信转发用的软件是mysms，不巧的是这款软件在ios端无法批量删除短信，好在可以在PC</description></item></channel></rss>