<?xml version="1.0" encoding="utf-8" standalone="yes"?><rss version="2.0" xmlns:atom="http://www.w3.org/2005/Atom"><channel><title>nginx on 青丝蘸白雪i</title><link>https://blog.sxz799.xyz/tags/nginx/</link><description>Recent content in nginx on 青丝蘸白雪i</description><generator>Hugo -- gohugo.io</generator><language>zh-CN</language><lastBuildDate>Sun, 20 Aug 2023 00:16:17 +0800</lastBuildDate><atom:link href="https://blog.sxz799.xyz/tags/nginx/rss.xml" rel="self" type="application/rss+xml"/><item><title>记录一次折腾了一下午的nginx配置文件问题</title><link>https://blog.sxz799.xyz/posts/%E6%8A%80%E5%B7%A7/2023-08-20-%E8%AE%B0%E5%BD%95%E4%B8%80%E6%AC%A1%E6%8A%98%E8%85%BE%E4%BA%86%E4%B8%80%E4%B8%8B%E5%8D%88%E7%9A%84nginx%E9%85%8D%E7%BD%AE%E6%96%87%E4%BB%B6%E9%97%AE%E9%A2%98/</link><pubDate>Sun, 20 Aug 2023 00:16:17 +0800</pubDate><guid>https://blog.sxz799.xyz/posts/%E6%8A%80%E5%B7%A7/2023-08-20-%E8%AE%B0%E5%BD%95%E4%B8%80%E6%AC%A1%E6%8A%98%E8%85%BE%E4%BA%86%E4%B8%80%E4%B8%8B%E5%8D%88%E7%9A%84nginx%E9%85%8D%E7%BD%AE%E6%96%87%E4%BB%B6%E9%97%AE%E9%A2%98/</guid><description>&lt;p>想着写一个后端使用gin + gorm + mysql,前端使用vue3 vite + element plus 的项目模板，但是在写docker-compose调试的时候,总是报404错误，后来发现是nginx配置文件的问题。&lt;/p></description></item></channel></rss>