<?xml version="1.0" encoding="utf-8" standalone="yes"?><rss version="2.0" xmlns:atom="http://www.w3.org/2005/Atom"><channel><title>远程 on 青丝蘸白雪i</title><link>https://blog.sxz799.xyz/tags/%E8%BF%9C%E7%A8%8B/</link><description>Recent content in 远程 on 青丝蘸白雪i</description><generator>Hugo -- gohugo.io</generator><language>zh-CN</language><lastBuildDate>Tue, 03 Sep 2019 16:50:52 +0000</lastBuildDate><atom:link href="https://blog.sxz799.xyz/tags/%E8%BF%9C%E7%A8%8B/rss.xml" rel="self" type="application/rss+xml"/><item><title>修改transmission配置，实现远程访问transmission</title><link>https://blog.sxz799.xyz/posts/%E7%BE%A4%E6%99%96/2019-09-03-%E4%BF%AE%E6%94%B9transmission%E9%85%8D%E7%BD%AE%E5%AE%9E%E7%8E%B0%E8%BF%9C%E7%A8%8B%E8%AE%BF%E9%97%AE/</link><pubDate>Tue, 03 Sep 2019 16:50:52 +0000</pubDate><guid>https://blog.sxz799.xyz/posts/%E7%BE%A4%E6%99%96/2019-09-03-%E4%BF%AE%E6%94%B9transmission%E9%85%8D%E7%BD%AE%E5%AE%9E%E7%8E%B0%E8%BF%9C%E7%A8%8B%E8%AE%BF%E9%97%AE/</guid><description>前言 如果没有修改下面设置也是能打开transmission的web界面，但是你会发现一片空白，提示正在连接服务器。 transmission实</description></item></channel></rss>