<?xml version="1.0" encoding="utf-8" standalone="yes"?><rss version="2.0" xmlns:atom="http://www.w3.org/2005/Atom"><channel><title>群晖 on 青丝蘸白雪i</title><link>https://blog.sxz799.xyz/tags/%E7%BE%A4%E6%99%96/</link><description>Recent content in 群晖 on 青丝蘸白雪i</description><generator>Hugo -- gohugo.io</generator><language>zh-CN</language><lastBuildDate>Thu, 11 Apr 2019 16:39:01 +0000</lastBuildDate><atom:link href="https://blog.sxz799.xyz/tags/%E7%BE%A4%E6%99%96/rss.xml" rel="self" type="application/rss+xml"/><item><title>FRP内网穿透访问家中的NAS和路由器后台</title><link>https://blog.sxz799.xyz/posts/%E8%BD%AF%E8%B7%AF%E7%94%B1/2019-04-11-frp%E5%86%85%E7%BD%91%E7%A9%BF%E9%80%8F%E8%AE%BF%E9%97%AE%E5%AE%B6%E4%B8%AD%E7%9A%84nas%E5%92%8C%E8%B7%AF%E7%94%B1%E5%99%A8%E5%90%8E%E5%8F%B0/</link><pubDate>Thu, 11 Apr 2019 16:39:01 +0000</pubDate><guid>https://blog.sxz799.xyz/posts/%E8%BD%AF%E8%B7%AF%E7%94%B1/2019-04-11-frp%E5%86%85%E7%BD%91%E7%A9%BF%E9%80%8F%E8%AE%BF%E9%97%AE%E5%AE%B6%E4%B8%AD%E7%9A%84nas%E5%92%8C%E8%B7%AF%E7%94%B1%E5%99%A8%E5%90%8E%E5%8F%B0/</guid><description>前言 自从入手了蜗牛星际以后，一直在折腾，先是安装了软路由，现在换成了PVE下虚拟LEDE软路由和黑群晖。可以远程访问的NAS才是一个完整的N</description></item></channel></rss>