<?xml version="1.0" encoding="utf-8" standalone="yes"?><rss version="2.0" xmlns:atom="http://www.w3.org/2005/Atom"><channel><title>goalng on 青丝蘸白雪i</title><link>https://blog.sxz799.xyz/categories/goalng/</link><description>Recent content in goalng on 青丝蘸白雪i</description><generator>Hugo -- gohugo.io</generator><language>zh-CN</language><lastBuildDate>Mon, 14 Aug 2023 10:17:14 +0800</lastBuildDate><atom:link href="https://blog.sxz799.xyz/categories/goalng/rss.xml" rel="self" type="application/rss+xml"/><item><title>Golang实现Set集合</title><link>https://blog.sxz799.xyz/posts/golang/2023-08-14-golang%E5%AE%9E%E7%8E%B0set%E9%9B%86%E5%90%88/</link><pubDate>Mon, 14 Aug 2023 10:17:14 +0800</pubDate><guid>https://blog.sxz799.xyz/posts/golang/2023-08-14-golang%E5%AE%9E%E7%8E%B0set%E9%9B%86%E5%90%88/</guid><description>&lt;p>代码:&lt;/p></description></item></channel></rss>