<?xml version="1.0" encoding="utf-8" standalone="yes"?><rss version="2.0" xmlns:atom="http://www.w3.org/2005/Atom"><channel><title>路由器 on 青丝蘸白雪i</title><link>https://blog.sxz799.xyz/tags/%E8%B7%AF%E7%94%B1%E5%99%A8/</link><description>Recent content in 路由器 on 青丝蘸白雪i</description><generator>Hugo -- gohugo.io</generator><language>zh-CN</language><lastBuildDate>Sun, 17 Mar 2019 21:38:09 +0000</lastBuildDate><atom:link href="https://blog.sxz799.xyz/tags/%E8%B7%AF%E7%94%B1%E5%99%A8/rss.xml" rel="self" type="application/rss+xml"/><item><title>VMware虚拟机体验koolshare论坛LEDE固件</title><link>https://blog.sxz799.xyz/posts/%E8%BD%AF%E8%B7%AF%E7%94%B1/2019-03-17-vmware%E8%99%9A%E6%8B%9F%E6%9C%BA%E4%BD%93%E9%AA%8Ckoolshare%E8%AE%BA%E5%9D%9Blede%E5%9B%BA%E4%BB%B6/</link><pubDate>Sun, 17 Mar 2019 21:38:09 +0000</pubDate><guid>https://blog.sxz799.xyz/posts/%E8%BD%AF%E8%B7%AF%E7%94%B1/2019-03-17-vmware%E8%99%9A%E6%8B%9F%E6%9C%BA%E4%BD%93%E9%AA%8Ckoolshare%E8%AE%BA%E5%9D%9Blede%E5%9B%BA%E4%BB%B6/</guid><description>​ 博主自用的是路由器是斐讯K2P A2版，性能足够满足大多数家庭的需要了，但还是听说koolshare论坛的lede固件功能丰富，是软路由很常</description></item></channel></rss>