<?xml version="1.0" encoding="utf-8" standalone="yes"?><rss version="2.0" xmlns:atom="http://www.w3.org/2005/Atom"><channel><title>oh-my-zsh on 青丝蘸白雪i</title><link>https://blog.sxz799.xyz/tags/oh-my-zsh/</link><description>Recent content in oh-my-zsh on 青丝蘸白雪i</description><generator>Hugo -- gohugo.io</generator><language>zh-CN</language><lastBuildDate>Thu, 01 Sep 2022 22:13:20 +0000</lastBuildDate><atom:link href="https://blog.sxz799.xyz/tags/oh-my-zsh/rss.xml" rel="self" type="application/rss+xml"/><item><title>oh-my-zsh安装配置记录</title><link>https://blog.sxz799.xyz/posts/%E6%8A%80%E5%B7%A7/2022-09-01-oh-my-zsh%E5%AE%89%E8%A3%85%E9%85%8D%E7%BD%AE%E8%AE%B0%E5%BD%95/</link><pubDate>Thu, 01 Sep 2022 22:13:20 +0000</pubDate><guid>https://blog.sxz799.xyz/posts/%E6%8A%80%E5%B7%A7/2022-09-01-oh-my-zsh%E5%AE%89%E8%A3%85%E9%85%8D%E7%BD%AE%E8%AE%B0%E5%BD%95/</guid><description>&lt;p>Oh My Zsh is a delightful, open source, community-driven framework for managing your Zsh configuration. It comes bundled with thousands of helpful functions, helpers, plugins, themes, and a few things that make you shout&amp;hellip;&lt;/p>
&lt;p>&amp;ldquo;Oh My ZSH!&amp;rdquo;&lt;/p></description></item></channel></rss>