<?xml version="1.0" encoding="utf-8" standalone="yes"?><rss version="2.0" xmlns:atom="http://www.w3.org/2005/Atom"><channel><title>LEDE on 青丝蘸白雪i</title><link>https://blog.sxz799.xyz/tags/lede/</link><description>Recent content in LEDE on 青丝蘸白雪i</description><generator>Hugo -- gohugo.io</generator><language>zh-CN</language><lastBuildDate>Sat, 06 Apr 2019 19:54:28 +0000</lastBuildDate><atom:link href="https://blog.sxz799.xyz/tags/lede/rss.xml" rel="self" type="application/rss+xml"/><item><title>蜗牛星际之安装PVE+LEDE+群辉</title><link>https://blog.sxz799.xyz/posts/%E8%BD%AF%E8%B7%AF%E7%94%B1/2019-04-06-%E8%9C%97%E7%89%9B%E6%98%9F%E9%99%85%E4%B9%8B%E5%AE%89%E8%A3%85pvelede%E7%BE%A4%E8%BE%89/</link><pubDate>Sat, 06 Apr 2019 19:54:28 +0000</pubDate><guid>https://blog.sxz799.xyz/posts/%E8%BD%AF%E8%B7%AF%E7%94%B1/2019-04-06-%E8%9C%97%E7%89%9B%E6%98%9F%E9%99%85%E4%B9%8B%E5%AE%89%E8%A3%85pvelede%E7%BE%A4%E8%BE%89/</guid><description>前言 上次安装了LEDE软路由后，也挂载了一个500G的硬盘，但总感觉对于J1900+4G内存来说有点浪费，还有那么大哥机箱，如果不做NAS有</description></item><item><title>Docker神器之百度云下载(群辉 LEDE)</title><link>https://blog.sxz799.xyz/posts/%E7%BE%A4%E6%99%96/2019-03-30-docker%E7%A5%9E%E5%99%A8%E4%B9%8B%E7%99%BE%E5%BA%A6%E4%BA%91%E4%B8%8B%E8%BD%BD%E7%BE%A4%E8%BE%89lede/</link><pubDate>Sat, 30 Mar 2019 14:15:50 +0000</pubDate><guid>https://blog.sxz799.xyz/posts/%E7%BE%A4%E6%99%96/2019-03-30-docker%E7%A5%9E%E5%99%A8%E4%B9%8B%E7%99%BE%E5%BA%A6%E4%BA%91%E4%B8%8B%E8%BD%BD%E7%BE%A4%E8%BE%89lede/</guid><description>前言 入手了蜗牛星际，安装了lede以后发现酷软中心的aria2和tr都不能正常工作，可能是版本bug，无意间在论坛发现了利用docker这一</description></item><item><title>软路由LEDE系统之samba局域网共享</title><link>https://blog.sxz799.xyz/posts/%E8%BD%AF%E8%B7%AF%E7%94%B1/2019-03-29-%E8%BD%AF%E8%B7%AF%E7%94%B1lede%E7%B3%BB%E7%BB%9F%E4%B9%8Bsamba%E5%B1%80%E5%9F%9F%E7%BD%91%E5%85%B1%E4%BA%AB/</link><pubDate>Fri, 29 Mar 2019 23:15:56 +0000</pubDate><guid>https://blog.sxz799.xyz/posts/%E8%BD%AF%E8%B7%AF%E7%94%B1/2019-03-29-%E8%BD%AF%E8%B7%AF%E7%94%B1lede%E7%B3%BB%E7%BB%9F%E4%B9%8Bsamba%E5%B1%80%E5%9F%9F%E7%BD%91%E5%85%B1%E4%BA%AB/</guid><description>前言 上周末看油管的时候发现了一款极具性价比的NAS-蜗牛星际。矿渣nas，三月初就开卖了，当时好像200包邮。我入手有点晚所以价格也高一些。</description></item><item><title>VMware虚拟机体验koolshare论坛LEDE固件</title><link>https://blog.sxz799.xyz/posts/%E8%BD%AF%E8%B7%AF%E7%94%B1/2019-03-17-vmware%E8%99%9A%E6%8B%9F%E6%9C%BA%E4%BD%93%E9%AA%8Ckoolshare%E8%AE%BA%E5%9D%9Blede%E5%9B%BA%E4%BB%B6/</link><pubDate>Sun, 17 Mar 2019 21:38:09 +0000</pubDate><guid>https://blog.sxz799.xyz/posts/%E8%BD%AF%E8%B7%AF%E7%94%B1/2019-03-17-vmware%E8%99%9A%E6%8B%9F%E6%9C%BA%E4%BD%93%E9%AA%8Ckoolshare%E8%AE%BA%E5%9D%9Blede%E5%9B%BA%E4%BB%B6/</guid><description>​ 博主自用的是路由器是斐讯K2P A2版，性能足够满足大多数家庭的需要了，但还是听说koolshare论坛的lede固件功能丰富，是软路由很常</description></item></channel></rss>