<?xml version="1.0" encoding="utf-8" standalone="yes"?><rss version="2.0" xmlns:atom="http://www.w3.org/2005/Atom"><channel><title>Git on 青丝蘸白雪i</title><link>https://blog.sxz799.xyz/tags/git/</link><description>Recent content in Git on 青丝蘸白雪i</description><generator>Hugo -- gohugo.io</generator><language>zh-CN</language><lastBuildDate>Thu, 17 Oct 2019 19:45:29 +0000</lastBuildDate><atom:link href="https://blog.sxz799.xyz/tags/git/rss.xml" rel="self" type="application/rss+xml"/><item><title>Git技巧总结(持续更新)</title><link>https://blog.sxz799.xyz/posts/%E6%8A%80%E5%B7%A7/2019-10-17-git%E6%8A%80%E5%B7%A7%E6%80%BB%E7%BB%93%E6%8C%81%E7%BB%AD%E6%9B%B4%E6%96%B0/</link><pubDate>Thu, 17 Oct 2019 19:45:29 +0000</pubDate><guid>https://blog.sxz799.xyz/posts/%E6%8A%80%E5%B7%A7/2019-10-17-git%E6%8A%80%E5%B7%A7%E6%80%BB%E7%BB%93%E6%8C%81%E7%BB%AD%E6%9B%B4%E6%96%B0/</guid><description>1.git设置快捷脚本 git config --global alias.bp &amp;#39;!hexo clean;hexo g;gulp g;hexo d&amp;#39; 然后使用 git bpush 就可以一键更新博客并发布了(cd 后面的目录为你的博客文件目录） 取消方式 git config --global --unset alias.bpush 2.gi</description></item></channel></rss>