<?xml version="1.0" encoding="utf-8" standalone="yes"?><rss version="2.0" xmlns:atom="http://www.w3.org/2005/Atom"><channel><title>学习 on 青丝蘸白雪i</title><link>https://blog.sxz799.xyz/tags/%E5%AD%A6%E4%B9%A0/</link><description>Recent content in 学习 on 青丝蘸白雪i</description><generator>Hugo -- gohugo.io</generator><language>zh-CN</language><lastBuildDate>Wed, 13 Mar 2019 21:53:21 +0000</lastBuildDate><atom:link href="https://blog.sxz799.xyz/tags/%E5%AD%A6%E4%B9%A0/rss.xml" rel="self" type="application/rss+xml"/><item><title>虚拟机内系统通过NAT方式连接外网，同时与本机进行通信</title><link>https://blog.sxz799.xyz/posts/%E8%BD%AF%E8%B7%AF%E7%94%B1/2019-03-13-%E8%99%9A%E6%8B%9F%E6%9C%BA%E5%86%85%E7%B3%BB%E7%BB%9F%E9%80%9A%E8%BF%87nat%E6%96%B9%E5%BC%8F%E8%BF%9E%E6%8E%A5%E5%A4%96%E7%BD%91%E5%90%8C%E6%97%B6%E4%B8%8E%E6%9C%AC%E6%9C%BA%E8%BF%9B%E8%A1%8C%E9%80%9A%E4%BF%A1/</link><pubDate>Wed, 13 Mar 2019 21:53:21 +0000</pubDate><guid>https://blog.sxz799.xyz/posts/%E8%BD%AF%E8%B7%AF%E7%94%B1/2019-03-13-%E8%99%9A%E6%8B%9F%E6%9C%BA%E5%86%85%E7%B3%BB%E7%BB%9F%E9%80%9A%E8%BF%87nat%E6%96%B9%E5%BC%8F%E8%BF%9E%E6%8E%A5%E5%A4%96%E7%BD%91%E5%90%8C%E6%97%B6%E4%B8%8E%E6%9C%AC%E6%9C%BA%E8%BF%9B%E8%A1%8C%E9%80%9A%E4%BF%A1/</guid><description>前言 就在今天下午上课的时候突然发现自己好久没有写blog了，可能最近学习太忙，也可能最近没啥好写的。今天上课的时候有同学问到我关于虚拟机系统</description></item></channel></rss>