<?xml version="1.0" encoding="utf-8" standalone="yes"?><rss version="2.0" xmlns:atom="http://www.w3.org/2005/Atom"><channel><title>github on 青丝蘸白雪i</title><link>https://blog.sxz799.xyz/tags/github/</link><description>Recent content in github on 青丝蘸白雪i</description><generator>Hugo -- gohugo.io</generator><language>zh-CN</language><lastBuildDate>Thu, 25 May 2023 15:11:46 +0800</lastBuildDate><atom:link href="https://blog.sxz799.xyz/tags/github/rss.xml" rel="self" type="application/rss+xml"/><item><title>使用Cloudflare加速github下载及图床加速</title><link>https://blog.sxz799.xyz/posts/%E6%8A%80%E5%B7%A7/2023-05-25-%E4%BD%BF%E7%94%A8cloudflare%E5%8A%A0%E9%80%9Fgithub%E4%B8%8B%E8%BD%BD%E5%8F%8A%E5%9B%BE%E5%BA%8A%E5%8A%A0%E9%80%9F/</link><pubDate>Thu, 25 May 2023 15:11:46 +0800</pubDate><guid>https://blog.sxz799.xyz/posts/%E6%8A%80%E5%B7%A7/2023-05-25-%E4%BD%BF%E7%94%A8cloudflare%E5%8A%A0%E9%80%9Fgithub%E4%B8%8B%E8%BD%BD%E5%8F%8A%E5%9B%BE%E5%BA%8A%E5%8A%A0%E9%80%9F/</guid><description>&lt;p>网上很多加速github的工具，但是由于使用人数多，效果时好时坏，后来发现可以使用cloudflare搭建自己专属的加速工具，故记录一下搭建流程及使用方式&lt;/p></description></item><item><title>Github拉取代码时提示kex_exchange_identification解决方案</title><link>https://blog.sxz799.xyz/posts/%E6%8A%80%E5%B7%A7/2023-05-12-github%E6%8B%89%E5%8F%96%E4%BB%A3%E7%A0%81%E6%97%B6%E6%8F%90%E7%A4%BAkex_exchange_identification%E8%A7%A3%E5%86%B3%E6%96%B9%E6%A1%88/</link><pubDate>Fri, 12 May 2023 19:58:41 +0800</pubDate><guid>https://blog.sxz799.xyz/posts/%E6%8A%80%E5%B7%A7/2023-05-12-github%E6%8B%89%E5%8F%96%E4%BB%A3%E7%A0%81%E6%97%B6%E6%8F%90%E7%A4%BAkex_exchange_identification%E8%A7%A3%E5%86%B3%E6%96%B9%E6%A1%88/</guid><description>&lt;p>最近在github上拉取和推送代码时经常报&lt;code>kex_exchange_identification&lt;/code>的错误,但是更换手机热点后就可以正常推代码,查了一下发现可能是梯子的问题，这里记录一下搜到的解决方案。&lt;/p></description></item><item><title>GithubAction自动编译项目学习笔记</title><link>https://blog.sxz799.xyz/posts/%E6%8A%80%E5%B7%A7/2023-05-09-githubaction%E8%87%AA%E5%8A%A8%E7%BC%96%E8%AF%91%E9%A1%B9%E7%9B%AE%E5%AD%A6%E4%B9%A0%E7%AC%94%E8%AE%B0/</link><pubDate>Tue, 09 May 2023 14:32:21 +0800</pubDate><guid>https://blog.sxz799.xyz/posts/%E6%8A%80%E5%B7%A7/2023-05-09-githubaction%E8%87%AA%E5%8A%A8%E7%BC%96%E8%AF%91%E9%A1%B9%E7%9B%AE%E5%AD%A6%E4%B9%A0%E7%AC%94%E8%AE%B0/</guid><description>&lt;p>最近项目上线要将旧系统的数据导入新系统，旧系统的数据导出到excel文件，然后将文件整理后导入新系统。但是整理文件的时候总是会出现一些简单的错误，每次都有人工校对或者导入时提示太麻烦，于是写了一个小工具让整理数据的门店人员整理数据后自行检测一次。由于数据库使用的是sqlite，我本地的开发环境又是mac，这就导致golang交叉编译时要配置gcc,试了一下，感觉太麻烦了。也尝试过开个虚拟机进行编译，发现效果也不满意。后来发现github action可以在推送项目后自动构建项目，于是实现了项目推到github后,由Github自动编译并打包项目。&lt;/p></description></item></channel></rss>