<?xml version="1.0" encoding="utf-8" standalone="yes"?><rss version="2.0" xmlns:atom="http://www.w3.org/2005/Atom"><channel><title>redis on 青丝蘸白雪i</title><link>https://blog.sxz799.xyz/categories/redis/</link><description>Recent content in redis on 青丝蘸白雪i</description><generator>Hugo -- gohugo.io</generator><language>zh-CN</language><lastBuildDate>Sun, 19 Feb 2023 10:50:23 +0800</lastBuildDate><atom:link href="https://blog.sxz799.xyz/categories/redis/rss.xml" rel="self" type="application/rss+xml"/><item><title>Redis基础</title><link>https://blog.sxz799.xyz/posts/redis/redis%E5%9F%BA%E7%A1%80/</link><pubDate>Sun, 19 Feb 2023 10:50:23 +0800</pubDate><guid>https://blog.sxz799.xyz/posts/redis/redis%E5%9F%BA%E7%A1%80/</guid><description>&lt;h1 id="redis常用数据结构">Redis常用数据结构
&lt;a class="header-anchor" href="#redis%e5%b8%b8%e7%94%a8%e6%95%b0%e6%8d%ae%e7%bb%93%e6%9e%84">&lt;/a>
&lt;/h1>&lt;p>字符串（String）、哈希(Hash)、列表（list）、集合（set）、有序集合（ZSET）。&lt;/p></description></item></channel></rss>