<?xml version="1.0" encoding="utf-8" standalone="yes"?><rss version="2.0" xmlns:atom="http://www.w3.org/2005/Atom"><channel><title>下载 on 青丝蘸白雪i</title><link>https://blog.sxz799.xyz/tags/%E4%B8%8B%E8%BD%BD/</link><description>Recent content in 下载 on 青丝蘸白雪i</description><generator>Hugo -- gohugo.io</generator><language>zh-CN</language><lastBuildDate>Sat, 30 Mar 2019 14:15:50 +0000</lastBuildDate><atom:link href="https://blog.sxz799.xyz/tags/%E4%B8%8B%E8%BD%BD/rss.xml" rel="self" type="application/rss+xml"/><item><title>Docker神器之百度云下载(群辉 LEDE)</title><link>https://blog.sxz799.xyz/posts/%E7%BE%A4%E6%99%96/2019-03-30-docker%E7%A5%9E%E5%99%A8%E4%B9%8B%E7%99%BE%E5%BA%A6%E4%BA%91%E4%B8%8B%E8%BD%BD%E7%BE%A4%E8%BE%89lede/</link><pubDate>Sat, 30 Mar 2019 14:15:50 +0000</pubDate><guid>https://blog.sxz799.xyz/posts/%E7%BE%A4%E6%99%96/2019-03-30-docker%E7%A5%9E%E5%99%A8%E4%B9%8B%E7%99%BE%E5%BA%A6%E4%BA%91%E4%B8%8B%E8%BD%BD%E7%BE%A4%E8%BE%89lede/</guid><description>前言 入手了蜗牛星际，安装了lede以后发现酷软中心的aria2和tr都不能正常工作，可能是版本bug，无意间在论坛发现了利用docker这一</description></item></channel></rss>