<?xml version="1.0" encoding="utf-8" standalone="yes"?><rss version="2.0" xmlns:atom="http://www.w3.org/2005/Atom"><channel><title>Java on 青丝蘸白雪i</title><link>https://blog.sxz799.xyz/categories/java/</link><description>Recent content in Java on 青丝蘸白雪i</description><generator>Hugo -- gohugo.io</generator><language>zh-CN</language><lastBuildDate>Sun, 14 Jun 2020 18:08:11 +0000</lastBuildDate><atom:link href="https://blog.sxz799.xyz/categories/java/rss.xml" rel="self" type="application/rss+xml"/><item><title>使用ProGuard混淆你的JAVA代码</title><link>https://blog.sxz799.xyz/posts/java/2020-06-14-%E5%9C%A8maven%E9%A1%B9%E7%9B%AE%E4%B8%AD%E4%BD%BF%E7%94%A8proguard%E6%B7%B7%E6%B7%86%E4%BD%A0%E7%9A%84java%E4%BB%A3%E7%A0%81/</link><pubDate>Sun, 14 Jun 2020 18:08:11 +0000</pubDate><guid>https://blog.sxz799.xyz/posts/java/2020-06-14-%E5%9C%A8maven%E9%A1%B9%E7%9B%AE%E4%B8%AD%E4%BD%BF%E7%94%A8proguard%E6%B7%B7%E6%B7%86%E4%BD%A0%E7%9A%84java%E4%BB%A3%E7%A0%81/</guid><description>在Maven项目中使用Proguard十分简单 只要在pom文件的标签内添加如下代码即可 &amp;lt;!-- ProGuard混淆插件--&amp;gt; &amp;lt;plugin&amp;gt; &amp;lt;groupId&amp;gt;com.github.wvengen&amp;lt;/groupId&amp;gt; &amp;lt;artifactId&amp;gt;proguard-maven-plugin&amp;lt;/artifactId&amp;gt; &amp;lt;version&amp;gt;2.1.0&amp;lt;/version&amp;gt; &amp;lt;executions&amp;gt; &amp;lt;execution&amp;gt; &amp;lt;!-- 混</description></item></channel></rss>