<?xml version="1.0" encoding="utf-8" standalone="yes"?><rss version="2.0" xmlns:atom="http://www.w3.org/2005/Atom"><channel><title>Tags on 青丝蘸白雪i</title><link>https://blog.sxz799.xyz/tags/</link><description>Recent content in Tags on 青丝蘸白雪i</description><generator>Hugo -- gohugo.io</generator><language>zh-CN</language><lastBuildDate>Wed, 20 Sep 2023 22:07:44 +0800</lastBuildDate><atom:link href="https://blog.sxz799.xyz/tags/rss.xml" rel="self" type="application/rss+xml"/><item><title>ruoyi</title><link>https://blog.sxz799.xyz/tags/ruoyi/</link><pubDate>Wed, 20 Sep 2023 22:07:44 +0800</pubDate><guid>https://blog.sxz799.xyz/tags/ruoyi/</guid><description/></item><item><title>若依</title><link>https://blog.sxz799.xyz/tags/%E8%8B%A5%E4%BE%9D/</link><pubDate>Wed, 20 Sep 2023 22:07:44 +0800</pubDate><guid>https://blog.sxz799.xyz/tags/%E8%8B%A5%E4%BE%9D/</guid><description/></item><item><title>docker</title><link>https://blog.sxz799.xyz/tags/docker/</link><pubDate>Sun, 20 Aug 2023 00:16:17 +0800</pubDate><guid>https://blog.sxz799.xyz/tags/docker/</guid><description/></item><item><title>nginx</title><link>https://blog.sxz799.xyz/tags/nginx/</link><pubDate>Sun, 20 Aug 2023 00:16:17 +0800</pubDate><guid>https://blog.sxz799.xyz/tags/nginx/</guid><description/></item><item><title>golang</title><link>https://blog.sxz799.xyz/tags/golang/</link><pubDate>Mon, 14 Aug 2023 10:17:14 +0800</pubDate><guid>https://blog.sxz799.xyz/tags/golang/</guid><description/></item><item><title>前端</title><link>https://blog.sxz799.xyz/tags/%E5%89%8D%E7%AB%AF/</link><pubDate>Wed, 02 Aug 2023 21:48:06 +0800</pubDate><guid>https://blog.sxz799.xyz/tags/%E5%89%8D%E7%AB%AF/</guid><description/></item><item><title>Linux</title><link>https://blog.sxz799.xyz/tags/linux/</link><pubDate>Tue, 30 May 2023 15:52:58 +0800</pubDate><guid>https://blog.sxz799.xyz/tags/linux/</guid><description/></item><item><title>技巧</title><link>https://blog.sxz799.xyz/tags/%E6%8A%80%E5%B7%A7/</link><pubDate>Tue, 30 May 2023 15:52:58 +0800</pubDate><guid>https://blog.sxz799.xyz/tags/%E6%8A%80%E5%B7%A7/</guid><description/></item><item><title>Cloudflare</title><link>https://blog.sxz799.xyz/tags/cloudflare/</link><pubDate>Thu, 25 May 2023 15:11:46 +0800</pubDate><guid>https://blog.sxz799.xyz/tags/cloudflare/</guid><description/></item><item><title>github</title><link>https://blog.sxz799.xyz/tags/github/</link><pubDate>Thu, 25 May 2023 15:11:46 +0800</pubDate><guid>https://blog.sxz799.xyz/tags/github/</guid><description/></item><item><title>图床</title><link>https://blog.sxz799.xyz/tags/%E5%9B%BE%E5%BA%8A/</link><pubDate>Thu, 25 May 2023 15:11:46 +0800</pubDate><guid>https://blog.sxz799.xyz/tags/%E5%9B%BE%E5%BA%8A/</guid><description/></item><item><title>自动化</title><link>https://blog.sxz799.xyz/tags/%E8%87%AA%E5%8A%A8%E5%8C%96/</link><pubDate>Tue, 09 May 2023 14:32:21 +0800</pubDate><guid>https://blog.sxz799.xyz/tags/%E8%87%AA%E5%8A%A8%E5%8C%96/</guid><description/></item><item><title>Vercel</title><link>https://blog.sxz799.xyz/tags/vercel/</link><pubDate>Thu, 06 Apr 2023 16:40:53 +0800</pubDate><guid>https://blog.sxz799.xyz/tags/vercel/</guid><description/></item><item><title>vue</title><link>https://blog.sxz799.xyz/tags/vue/</link><pubDate>Thu, 06 Apr 2023 16:40:53 +0800</pubDate><guid>https://blog.sxz799.xyz/tags/vue/</guid><description/></item><item><title>mysql</title><link>https://blog.sxz799.xyz/tags/mysql/</link><pubDate>Mon, 20 Feb 2023 16:30:19 +0800</pubDate><guid>https://blog.sxz799.xyz/tags/mysql/</guid><description/></item><item><title>blog</title><link>https://blog.sxz799.xyz/tags/blog/</link><pubDate>Mon, 20 Feb 2023 10:54:53 +0800</pubDate><guid>https://blog.sxz799.xyz/tags/blog/</guid><description/></item><item><title>hugo</title><link>https://blog.sxz799.xyz/tags/hugo/</link><pubDate>Mon, 20 Feb 2023 10:54:53 +0800</pubDate><guid>https://blog.sxz799.xyz/tags/hugo/</guid><description/></item><item><title>redis</title><link>https://blog.sxz799.xyz/tags/redis/</link><pubDate>Sun, 19 Feb 2023 10:50:23 +0800</pubDate><guid>https://blog.sxz799.xyz/tags/redis/</guid><description/></item><item><title>hackintosh</title><link>https://blog.sxz799.xyz/tags/hackintosh/</link><pubDate>Thu, 02 Feb 2023 09:02:29 +0800</pubDate><guid>https://blog.sxz799.xyz/tags/hackintosh/</guid><description/></item><item><title>go</title><link>https://blog.sxz799.xyz/tags/go/</link><pubDate>Tue, 10 Jan 2023 15:31:07 +0000</pubDate><guid>https://blog.sxz799.xyz/tags/go/</guid><description/></item><item><title>永久试用</title><link>https://blog.sxz799.xyz/tags/%E6%B0%B8%E4%B9%85%E8%AF%95%E7%94%A8/</link><pubDate>Thu, 05 Jan 2023 21:46:21 +0000</pubDate><guid>https://blog.sxz799.xyz/tags/%E6%B0%B8%E4%B9%85%E8%AF%95%E7%94%A8/</guid><description/></item><item><title>python</title><link>https://blog.sxz799.xyz/tags/python/</link><pubDate>Tue, 18 Oct 2022 17:13:11 +0000</pubDate><guid>https://blog.sxz799.xyz/tags/python/</guid><description/></item><item><title>Antd</title><link>https://blog.sxz799.xyz/tags/antd/</link><pubDate>Mon, 10 Oct 2022 23:54:47 +0000</pubDate><guid>https://blog.sxz799.xyz/tags/antd/</guid><description/></item><item><title>Gin</title><link>https://blog.sxz799.xyz/tags/gin/</link><pubDate>Mon, 26 Sep 2022 19:46:33 +0000</pubDate><guid>https://blog.sxz799.xyz/tags/gin/</guid><description/></item><item><title>oracle</title><link>https://blog.sxz799.xyz/tags/oracle/</link><pubDate>Thu, 22 Sep 2022 22:11:09 +0000</pubDate><guid>https://blog.sxz799.xyz/tags/oracle/</guid><description/></item><item><title>oh-my-zsh</title><link>https://blog.sxz799.xyz/tags/oh-my-zsh/</link><pubDate>Thu, 01 Sep 2022 22:13:20 +0000</pubDate><guid>https://blog.sxz799.xyz/tags/oh-my-zsh/</guid><description/></item><item><title>code</title><link>https://blog.sxz799.xyz/tags/code/</link><pubDate>Sat, 13 Aug 2022 19:45:46 +0000</pubDate><guid>https://blog.sxz799.xyz/tags/code/</guid><description/></item><item><title>Java</title><link>https://blog.sxz799.xyz/tags/java/</link><pubDate>Sun, 14 Jun 2020 18:08:11 +0000</pubDate><guid>https://blog.sxz799.xyz/tags/java/</guid><description/></item><item><title>常用软件</title><link>https://blog.sxz799.xyz/tags/%E5%B8%B8%E7%94%A8%E8%BD%AF%E4%BB%B6/</link><pubDate>Mon, 23 Dec 2019 22:04:18 +0000</pubDate><guid>https://blog.sxz799.xyz/tags/%E5%B8%B8%E7%94%A8%E8%BD%AF%E4%BB%B6/</guid><description/></item><item><title>DSDT</title><link>https://blog.sxz799.xyz/tags/dsdt/</link><pubDate>Sat, 19 Oct 2019 01:10:02 +0000</pubDate><guid>https://blog.sxz799.xyz/tags/dsdt/</guid><description/></item><item><title>Git</title><link>https://blog.sxz799.xyz/tags/git/</link><pubDate>Thu, 17 Oct 2019 19:45:29 +0000</pubDate><guid>https://blog.sxz799.xyz/tags/git/</guid><description/></item><item><title>transmission</title><link>https://blog.sxz799.xyz/tags/transmission/</link><pubDate>Tue, 03 Sep 2019 16:50:52 +0000</pubDate><guid>https://blog.sxz799.xyz/tags/transmission/</guid><description/></item><item><title>防痴呆</title><link>https://blog.sxz799.xyz/tags/%E9%98%B2%E7%97%B4%E5%91%86/</link><pubDate>Tue, 03 Sep 2019 16:50:52 +0000</pubDate><guid>https://blog.sxz799.xyz/tags/%E9%98%B2%E7%97%B4%E5%91%86/</guid><description/></item><item><title>远程</title><link>https://blog.sxz799.xyz/tags/%E8%BF%9C%E7%A8%8B/</link><pubDate>Tue, 03 Sep 2019 16:50:52 +0000</pubDate><guid>https://blog.sxz799.xyz/tags/%E8%BF%9C%E7%A8%8B/</guid><description/></item><item><title>hexo</title><link>https://blog.sxz799.xyz/tags/hexo/</link><pubDate>Thu, 18 Apr 2019 17:09:30 +0000</pubDate><guid>https://blog.sxz799.xyz/tags/hexo/</guid><description/></item><item><title>博客</title><link>https://blog.sxz799.xyz/tags/%E5%8D%9A%E5%AE%A2/</link><pubDate>Thu, 18 Apr 2019 17:09:30 +0000</pubDate><guid>https://blog.sxz799.xyz/tags/%E5%8D%9A%E5%AE%A2/</guid><description/></item><item><title>经验</title><link>https://blog.sxz799.xyz/tags/%E7%BB%8F%E9%AA%8C/</link><pubDate>Mon, 15 Apr 2019 22:22:31 +0000</pubDate><guid>https://blog.sxz799.xyz/tags/%E7%BB%8F%E9%AA%8C/</guid><description/></item><item><title>迅雷</title><link>https://blog.sxz799.xyz/tags/%E8%BF%85%E9%9B%B7/</link><pubDate>Mon, 15 Apr 2019 22:22:31 +0000</pubDate><guid>https://blog.sxz799.xyz/tags/%E8%BF%85%E9%9B%B7/</guid><description/></item><item><title>教程</title><link>https://blog.sxz799.xyz/tags/%E6%95%99%E7%A8%8B/</link><pubDate>Sat, 13 Apr 2019 19:56:01 +0000</pubDate><guid>https://blog.sxz799.xyz/tags/%E6%95%99%E7%A8%8B/</guid><description/></item><item><title>内网穿透</title><link>https://blog.sxz799.xyz/tags/%E5%86%85%E7%BD%91%E7%A9%BF%E9%80%8F/</link><pubDate>Thu, 11 Apr 2019 16:39:01 +0000</pubDate><guid>https://blog.sxz799.xyz/tags/%E5%86%85%E7%BD%91%E7%A9%BF%E9%80%8F/</guid><description/></item><item><title>群晖</title><link>https://blog.sxz799.xyz/tags/%E7%BE%A4%E6%99%96/</link><pubDate>Thu, 11 Apr 2019 16:39:01 +0000</pubDate><guid>https://blog.sxz799.xyz/tags/%E7%BE%A4%E6%99%96/</guid><description/></item><item><title>LEDE</title><link>https://blog.sxz799.xyz/tags/lede/</link><pubDate>Sat, 06 Apr 2019 19:54:28 +0000</pubDate><guid>https://blog.sxz799.xyz/tags/lede/</guid><description/></item><item><title>PVE</title><link>https://blog.sxz799.xyz/tags/pve/</link><pubDate>Sat, 06 Apr 2019 19:54:28 +0000</pubDate><guid>https://blog.sxz799.xyz/tags/pve/</guid><description/></item><item><title>软路由</title><link>https://blog.sxz799.xyz/tags/%E8%BD%AF%E8%B7%AF%E7%94%B1/</link><pubDate>Sat, 06 Apr 2019 19:54:28 +0000</pubDate><guid>https://blog.sxz799.xyz/tags/%E8%BD%AF%E8%B7%AF%E7%94%B1/</guid><description/></item><item><title>虚拟机</title><link>https://blog.sxz799.xyz/tags/%E8%99%9A%E6%8B%9F%E6%9C%BA/</link><pubDate>Sat, 06 Apr 2019 19:54:28 +0000</pubDate><guid>https://blog.sxz799.xyz/tags/%E8%99%9A%E6%8B%9F%E6%9C%BA/</guid><description/></item><item><title>下载</title><link>https://blog.sxz799.xyz/tags/%E4%B8%8B%E8%BD%BD/</link><pubDate>Sat, 30 Mar 2019 14:15:50 +0000</pubDate><guid>https://blog.sxz799.xyz/tags/%E4%B8%8B%E8%BD%BD/</guid><description/></item><item><title>samba</title><link>https://blog.sxz799.xyz/tags/samba/</link><pubDate>Fri, 29 Mar 2019 23:15:56 +0000</pubDate><guid>https://blog.sxz799.xyz/tags/samba/</guid><description/></item><item><title>总结</title><link>https://blog.sxz799.xyz/tags/%E6%80%BB%E7%BB%93/</link><pubDate>Wed, 20 Mar 2019 23:57:50 +0000</pubDate><guid>https://blog.sxz799.xyz/tags/%E6%80%BB%E7%BB%93/</guid><description/></item><item><title>路由器</title><link>https://blog.sxz799.xyz/tags/%E8%B7%AF%E7%94%B1%E5%99%A8/</link><pubDate>Sun, 17 Mar 2019 21:38:09 +0000</pubDate><guid>https://blog.sxz799.xyz/tags/%E8%B7%AF%E7%94%B1%E5%99%A8/</guid><description/></item><item><title>学习</title><link>https://blog.sxz799.xyz/tags/%E5%AD%A6%E4%B9%A0/</link><pubDate>Wed, 13 Mar 2019 21:53:21 +0000</pubDate><guid>https://blog.sxz799.xyz/tags/%E5%AD%A6%E4%B9%A0/</guid><description/></item></channel></rss>