<?xml version="1.0" encoding="utf-8" standalone="yes"?><rss version="2.0" xmlns:atom="http://www.w3.org/2005/Atom"><channel><title>群晖 on 青丝蘸白雪i</title><link>https://blog.sxz799.xyz/categories/%E7%BE%A4%E6%99%96/</link><description>Recent content in 群晖 on 青丝蘸白雪i</description><generator>Hugo -- gohugo.io</generator><language>zh-CN</language><lastBuildDate>Tue, 03 Sep 2019 16:50:52 +0000</lastBuildDate><atom:link href="https://blog.sxz799.xyz/categories/%E7%BE%A4%E6%99%96/rss.xml" rel="self" type="application/rss+xml"/><item><title>修改transmission配置，实现远程访问transmission</title><link>https://blog.sxz799.xyz/posts/%E7%BE%A4%E6%99%96/2019-09-03-%E4%BF%AE%E6%94%B9transmission%E9%85%8D%E7%BD%AE%E5%AE%9E%E7%8E%B0%E8%BF%9C%E7%A8%8B%E8%AE%BF%E9%97%AE/</link><pubDate>Tue, 03 Sep 2019 16:50:52 +0000</pubDate><guid>https://blog.sxz799.xyz/posts/%E7%BE%A4%E6%99%96/2019-09-03-%E4%BF%AE%E6%94%B9transmission%E9%85%8D%E7%BD%AE%E5%AE%9E%E7%8E%B0%E8%BF%9C%E7%A8%8B%E8%AE%BF%E9%97%AE/</guid><description>前言 如果没有修改下面设置也是能打开transmission的web界面，但是你会发现一片空白，提示正在连接服务器。 transmission实</description></item><item><title>Docker神器之迅雷远程下载(群辉 Linux)</title><link>https://blog.sxz799.xyz/posts/%E7%BE%A4%E6%99%96/2019-04-15-docker%E7%A5%9E%E5%99%A8%E4%B9%8B%E8%BF%85%E9%9B%B7%E8%BF%9C%E7%A8%8B%E4%B8%8B%E8%BD%BD%E7%BE%A4%E8%BE%89linux/</link><pubDate>Mon, 15 Apr 2019 22:22:31 +0000</pubDate><guid>https://blog.sxz799.xyz/posts/%E7%BE%A4%E6%99%96/2019-04-15-docker%E7%A5%9E%E5%99%A8%E4%B9%8B%E8%BF%85%E9%9B%B7%E8%BF%9C%E7%A8%8B%E4%B8%8B%E8%BD%BD%E7%BE%A4%E8%BE%89linux/</guid><description>镜像作者Docker 链接 2022年08月13日19:36:14 现在群晖已经有迅雷的官方客户端了&amp;hellip; 2019-10-16 19:45:58 更新 现在迅雷远程速度很慢，</description></item><item><title>Docker神器之百度云下载(群辉 LEDE)</title><link>https://blog.sxz799.xyz/posts/%E7%BE%A4%E6%99%96/2019-03-30-docker%E7%A5%9E%E5%99%A8%E4%B9%8B%E7%99%BE%E5%BA%A6%E4%BA%91%E4%B8%8B%E8%BD%BD%E7%BE%A4%E8%BE%89lede/</link><pubDate>Sat, 30 Mar 2019 14:15:50 +0000</pubDate><guid>https://blog.sxz799.xyz/posts/%E7%BE%A4%E6%99%96/2019-03-30-docker%E7%A5%9E%E5%99%A8%E4%B9%8B%E7%99%BE%E5%BA%A6%E4%BA%91%E4%B8%8B%E8%BD%BD%E7%BE%A4%E8%BE%89lede/</guid><description>前言 入手了蜗牛星际，安装了lede以后发现酷软中心的aria2和tr都不能正常工作，可能是版本bug，无意间在论坛发现了利用docker这一</description></item></channel></rss>