<?xml version="1.0" encoding="utf-8" standalone="yes"?><rss version="2.0" xmlns:atom="http://www.w3.org/2005/Atom"><channel><title>Antd on 青丝蘸白雪i</title><link>https://blog.sxz799.xyz/tags/antd/</link><description>Recent content in Antd on 青丝蘸白雪i</description><generator>Hugo -- gohugo.io</generator><language>zh-CN</language><lastBuildDate>Mon, 10 Oct 2022 23:54:47 +0000</lastBuildDate><atom:link href="https://blog.sxz799.xyz/tags/antd/rss.xml" rel="self" type="application/rss+xml"/><item><title>antdesignvue在iPhone手机上传文件时选择文件</title><link>https://blog.sxz799.xyz/posts/%E6%8A%80%E5%B7%A7/2022-10-10-antdesignvue%E5%9C%A8iphone%E6%89%8B%E6%9C%BA%E4%B8%8A%E4%BC%A0%E6%96%87%E4%BB%B6%E6%97%B6%E9%80%89%E6%8B%A9%E6%96%87%E4%BB%B6/</link><pubDate>Mon, 10 Oct 2022 23:54:47 +0000</pubDate><guid>https://blog.sxz799.xyz/posts/%E6%8A%80%E5%B7%A7/2022-10-10-antdesignvue%E5%9C%A8iphone%E6%89%8B%E6%9C%BA%E4%B8%8A%E4%BC%A0%E6%96%87%E4%BB%B6%E6%97%B6%E9%80%89%E6%8B%A9%E6%96%87%E4%BB%B6/</guid><description>&lt;p>还是这个项目
&lt;a href="https://github.com/sxz799/PublicFile-Server" title="PublicFile-Server" rel="noopener external nofollow noreferrer" target="_blank" class=" exturl">
PublicFile-Server
&lt;i class="fa fa-external-link-alt">&lt;/i>
&lt;/a>的前端相关内容。&lt;/p>
&lt;p>突然发现在iPhone上级上传文件的时候直接打开了相机，而在安卓手机上就可以选择相机或者文件。&lt;/p>
&lt;p>搜索后发现只需要添加&lt;code>:capture=&amp;quot;null&amp;quot;&lt;/code>即可。
代码如下：&lt;/p></description></item></channel></rss>