<?xml version="1.0" encoding="utf-8" standalone="yes"?><rss version="2.0" xmlns:atom="http://www.w3.org/2005/Atom"><channel><title>Categories on 青丝蘸白雪i</title><link>https://blog.sxz799.xyz/categories/</link><description>Recent content in Categories on 青丝蘸白雪i</description><generator>Hugo -- gohugo.io</generator><language>zh-CN</language><lastBuildDate>Wed, 20 Sep 2023 22:07:44 +0800</lastBuildDate><atom:link href="https://blog.sxz799.xyz/categories/rss.xml" rel="self" type="application/rss+xml"/><item><title>elementui</title><link>https://blog.sxz799.xyz/categories/elementui/</link><pubDate>Wed, 20 Sep 2023 22:07:44 +0800</pubDate><guid>https://blog.sxz799.xyz/categories/elementui/</guid><description/></item><item><title>懒加载</title><link>https://blog.sxz799.xyz/categories/%E6%87%92%E5%8A%A0%E8%BD%BD/</link><pubDate>Wed, 20 Sep 2023 22:07:44 +0800</pubDate><guid>https://blog.sxz799.xyz/categories/%E6%87%92%E5%8A%A0%E8%BD%BD/</guid><description/></item><item><title>技巧</title><link>https://blog.sxz799.xyz/categories/%E6%8A%80%E5%B7%A7/</link><pubDate>Sun, 20 Aug 2023 00:16:17 +0800</pubDate><guid>https://blog.sxz799.xyz/categories/%E6%8A%80%E5%B7%A7/</guid><description/></item><item><title>goalng</title><link>https://blog.sxz799.xyz/categories/goalng/</link><pubDate>Mon, 14 Aug 2023 10:17:14 +0800</pubDate><guid>https://blog.sxz799.xyz/categories/goalng/</guid><description/></item><item><title>golang</title><link>https://blog.sxz799.xyz/categories/golang/</link><pubDate>Wed, 01 Mar 2023 16:01:19 +0800</pubDate><guid>https://blog.sxz799.xyz/categories/golang/</guid><description/></item><item><title>mysql</title><link>https://blog.sxz799.xyz/categories/mysql/</link><pubDate>Mon, 20 Feb 2023 16:30:19 +0800</pubDate><guid>https://blog.sxz799.xyz/categories/mysql/</guid><description/></item><item><title>blog</title><link>https://blog.sxz799.xyz/categories/blog/</link><pubDate>Mon, 20 Feb 2023 10:54:53 +0800</pubDate><guid>https://blog.sxz799.xyz/categories/blog/</guid><description/></item><item><title>redis</title><link>https://blog.sxz799.xyz/categories/redis/</link><pubDate>Sun, 19 Feb 2023 10:50:23 +0800</pubDate><guid>https://blog.sxz799.xyz/categories/redis/</guid><description/></item><item><title>hackintosh</title><link>https://blog.sxz799.xyz/categories/hackintosh/</link><pubDate>Thu, 02 Feb 2023 09:02:29 +0800</pubDate><guid>https://blog.sxz799.xyz/categories/hackintosh/</guid><description/></item><item><title>go</title><link>https://blog.sxz799.xyz/categories/go/</link><pubDate>Tue, 10 Jan 2023 15:31:07 +0000</pubDate><guid>https://blog.sxz799.xyz/categories/go/</guid><description/></item><item><title>python</title><link>https://blog.sxz799.xyz/categories/python/</link><pubDate>Tue, 18 Oct 2022 17:13:11 +0000</pubDate><guid>https://blog.sxz799.xyz/categories/python/</guid><description/></item><item><title>go基础</title><link>https://blog.sxz799.xyz/categories/go%E5%9F%BA%E7%A1%80/</link><pubDate>Sat, 03 Sep 2022 20:08:11 +0000</pubDate><guid>https://blog.sxz799.xyz/categories/go%E5%9F%BA%E7%A1%80/</guid><description/></item><item><title>mysql笔记</title><link>https://blog.sxz799.xyz/categories/mysql%E7%AC%94%E8%AE%B0/</link><pubDate>Wed, 11 May 2022 16:33:42 +0000</pubDate><guid>https://blog.sxz799.xyz/categories/mysql%E7%AC%94%E8%AE%B0/</guid><description/></item><item><title>Java</title><link>https://blog.sxz799.xyz/categories/java/</link><pubDate>Sun, 14 Jun 2020 18:08:11 +0000</pubDate><guid>https://blog.sxz799.xyz/categories/java/</guid><description/></item><item><title>群晖</title><link>https://blog.sxz799.xyz/categories/%E7%BE%A4%E6%99%96/</link><pubDate>Tue, 03 Sep 2019 16:50:52 +0000</pubDate><guid>https://blog.sxz799.xyz/categories/%E7%BE%A4%E6%99%96/</guid><description/></item><item><title>linux</title><link>https://blog.sxz799.xyz/categories/linux/</link><pubDate>Wed, 28 Aug 2019 12:49:45 +0000</pubDate><guid>https://blog.sxz799.xyz/categories/linux/</guid><description/></item><item><title>软路由</title><link>https://blog.sxz799.xyz/categories/%E8%BD%AF%E8%B7%AF%E7%94%B1/</link><pubDate>Thu, 11 Apr 2019 16:39:01 +0000</pubDate><guid>https://blog.sxz799.xyz/categories/%E8%BD%AF%E8%B7%AF%E7%94%B1/</guid><description/></item></channel></rss>