<?xml version="1.0" encoding="utf-8" standalone="yes"?><rss version="2.0" xmlns:atom="http://www.w3.org/2005/Atom"><channel><title>经验 on 青丝蘸白雪i</title><link>https://blog.sxz799.xyz/tags/%E7%BB%8F%E9%AA%8C/</link><description>Recent content in 经验 on 青丝蘸白雪i</description><generator>Hugo -- gohugo.io</generator><language>zh-CN</language><lastBuildDate>Mon, 15 Apr 2019 22:22:31 +0000</lastBuildDate><atom:link href="https://blog.sxz799.xyz/tags/%E7%BB%8F%E9%AA%8C/rss.xml" rel="self" type="application/rss+xml"/><item><title>Docker神器之迅雷远程下载(群辉 Linux)</title><link>https://blog.sxz799.xyz/posts/%E7%BE%A4%E6%99%96/2019-04-15-docker%E7%A5%9E%E5%99%A8%E4%B9%8B%E8%BF%85%E9%9B%B7%E8%BF%9C%E7%A8%8B%E4%B8%8B%E8%BD%BD%E7%BE%A4%E8%BE%89linux/</link><pubDate>Mon, 15 Apr 2019 22:22:31 +0000</pubDate><guid>https://blog.sxz799.xyz/posts/%E7%BE%A4%E6%99%96/2019-04-15-docker%E7%A5%9E%E5%99%A8%E4%B9%8B%E8%BF%85%E9%9B%B7%E8%BF%9C%E7%A8%8B%E4%B8%8B%E8%BD%BD%E7%BE%A4%E8%BE%89linux/</guid><description>镜像作者Docker 链接 2022年08月13日19:36:14 现在群晖已经有迅雷的官方客户端了&amp;hellip; 2019-10-16 19:45:58 更新 现在迅雷远程速度很慢，</description></item></channel></rss>