<?xml version="1.0" encoding="utf-8" standalone="yes"?><rss version="2.0" xmlns:atom="http://www.w3.org/2005/Atom"><channel><title>ruoyi on 青丝蘸白雪i</title><link>https://blog.sxz799.xyz/tags/ruoyi/</link><description>Recent content in ruoyi on 青丝蘸白雪i</description><generator>Hugo -- gohugo.io</generator><language>zh-CN</language><lastBuildDate>Wed, 20 Sep 2023 22:07:44 +0800</lastBuildDate><atom:link href="https://blog.sxz799.xyz/tags/ruoyi/rss.xml" rel="self" type="application/rss+xml"/><item><title>若依ruoyi框架部门管理添加懒加载功能</title><link>https://blog.sxz799.xyz/posts/%E6%8A%80%E5%B7%A7/2023-09-20-%E8%8B%A5%E4%BE%9Druoyi%E6%A1%86%E6%9E%B6%E9%83%A8%E9%97%A8%E7%AE%A1%E7%90%86%E6%B7%BB%E5%8A%A0%E6%87%92%E5%8A%A0%E8%BD%BD%E5%8A%9F%E8%83%BD/</link><pubDate>Wed, 20 Sep 2023 22:07:44 +0800</pubDate><guid>https://blog.sxz799.xyz/posts/%E6%8A%80%E5%B7%A7/2023-09-20-%E8%8B%A5%E4%BE%9Druoyi%E6%A1%86%E6%9E%B6%E9%83%A8%E9%97%A8%E7%AE%A1%E7%90%86%E6%B7%BB%E5%8A%A0%E6%87%92%E5%8A%A0%E8%BD%BD%E5%8A%9F%E8%83%BD/</guid><description>&lt;p>最新在做一个系统,由于公司部门数量太多(1w+),ruoyi的部门管理默认加载全部数据,导致页面假死,故需要配置懒加载功能。&lt;/p></description></item><item><title>Ruoyi框架部门多选配置</title><link>https://blog.sxz799.xyz/posts/%E6%8A%80%E5%B7%A7/2023-08-02-ruoyi%E6%A1%86%E6%9E%B6%E9%83%A8%E9%97%A8%E5%A4%9A%E9%80%89%E9%85%8D%E7%BD%AE/</link><pubDate>Wed, 02 Aug 2023 21:48:06 +0800</pubDate><guid>https://blog.sxz799.xyz/posts/%E6%8A%80%E5%B7%A7/2023-08-02-ruoyi%E6%A1%86%E6%9E%B6%E9%83%A8%E9%97%A8%E5%A4%9A%E9%80%89%E9%85%8D%E7%BD%AE/</guid><description>&lt;p>开发中遇到一个需求,简化一下可以理解为为一个用户配置多个部门。通常情况下要用主子表实现,但这里仅需要记录一个编码，故放在主表一个字段里即可(用逗号分隔)。如果想方便的禁用或启用某个部门,还是用主子表实现比较好。&lt;/p></description></item></channel></rss>