<?xml version="1.0" encoding="utf-8" standalone="yes"?><rss version="2.0" xmlns:atom="http://www.w3.org/2005/Atom"><channel><title>DSDT on 青丝蘸白雪i</title><link>https://blog.sxz799.xyz/tags/dsdt/</link><description>Recent content in DSDT on 青丝蘸白雪i</description><generator>Hugo -- gohugo.io</generator><language>zh-CN</language><lastBuildDate>Sat, 19 Oct 2019 01:10:02 +0000</lastBuildDate><atom:link href="https://blog.sxz799.xyz/tags/dsdt/rss.xml" rel="self" type="application/rss+xml"/><item><title>华硕ZX50JX4200黑苹果DSDT/SSDT修补总结(持续更新)</title><link>https://blog.sxz799.xyz/posts/hackintosh/2019-10-19-%E9%BB%91%E8%8B%B9%E6%9E%9C%E4%B9%8B%E5%8D%8E%E7%A1%95zx50jx4200%E9%BB%91%E8%8B%B9%E6%9E%9Cdsdt-ssdt%E4%BF%AE%E8%A1%A5%E6%80%BB%E7%BB%93/</link><pubDate>Sat, 19 Oct 2019 01:10:02 +0000</pubDate><guid>https://blog.sxz799.xyz/posts/hackintosh/2019-10-19-%E9%BB%91%E8%8B%B9%E6%9E%9C%E4%B9%8B%E5%8D%8E%E7%A1%95zx50jx4200%E9%BB%91%E8%8B%B9%E6%9E%9Cdsdt-ssdt%E4%BF%AE%E8%A1%A5%E6%80%BB%E7%BB%93/</guid><description>提取 建议制作Ubuntu的U盘启动提取 反编译 使用iasl 联合反编译 将提取的原始 dsdt和ssdt文件重命名为xxx.aml（xxx为原始文件</description></item></channel></rss>