<?xml version="1.0" encoding="utf-8" standalone="yes"?><rss version="2.0" xmlns:atom="http://www.w3.org/2005/Atom"><channel><title>linux on 青丝蘸白雪i</title><link>https://blog.sxz799.xyz/categories/linux/</link><description>Recent content in linux on 青丝蘸白雪i</description><generator>Hugo -- gohugo.io</generator><language>zh-CN</language><lastBuildDate>Wed, 28 Aug 2019 12:49:45 +0000</lastBuildDate><atom:link href="https://blog.sxz799.xyz/categories/linux/rss.xml" rel="self" type="application/rss+xml"/><item><title>CentOS更换国内yum源</title><link>https://blog.sxz799.xyz/posts/linux/2019-08-28-centos%E6%9B%B4%E6%8D%A2%E5%9B%BD%E5%86%85yum%E6%BA%90/</link><pubDate>Wed, 28 Aug 2019 12:49:45 +0000</pubDate><guid>https://blog.sxz799.xyz/posts/linux/2019-08-28-centos%E6%9B%B4%E6%8D%A2%E5%9B%BD%E5%86%85yum%E6%BA%90/</guid><description>每次都去百度地址太费劲了，所以整理一下地址 更换方法 1.备份默认yum源 cd /etc/yum.repos.d mv CentOS-Base.repo CentOS-Base.repo.bak 2.下载更换国内yum源 阿里 wget http://mirrors.aliyun.com/repo/Centos-7.repo mv Centos-7.repo CentOS-Base.repo 网易 wget http://mirrors.163.com/.help/CentOS7-Base-163.repo mv CentOS7-Base-163.repo CentOS-Base.repo 3.清理</description></item><item><title>Centos配置本地yum源</title><link>https://blog.sxz799.xyz/posts/linux/2019-06-19-centos%E9%85%8D%E7%BD%AE%E6%9C%AC%E5%9C%B0yum%E6%BA%90/</link><pubDate>Wed, 19 Jun 2019 00:35:12 +0000</pubDate><guid>https://blog.sxz799.xyz/posts/linux/2019-06-19-centos%E9%85%8D%E7%BD%AE%E6%9C%AC%E5%9C%B0yum%E6%BA%90/</guid><description>一、挂载镜像文件 mkdir /mnt/cdrom mount /dev/cdrom /mnt/cdrom 二、修改yum源配置文件 cd /etc/yum.repo.d rm -rf *.repo vi /etc/yum.repo.d/Localyum.repo 内容为： [localyum] name=localyum baseurl=file:///mnt/cdrom gpgcheck=0 enabled=1 三、清空并重建缓存 yum clean all yum makecache</description></item><item><title>Linux下LVM及磁盘配额管理</title><link>https://blog.sxz799.xyz/posts/linux/2019-04-22-linux%E4%B8%8Blvm%E5%8F%8A%E7%A3%81%E7%9B%98%E9%85%8D%E9%A2%9D%E7%AE%A1%E7%90%86/</link><pubDate>Mon, 22 Apr 2019 21:15:51 +0000</pubDate><guid>https://blog.sxz799.xyz/posts/linux/2019-04-22-linux%E4%B8%8Blvm%E5%8F%8A%E7%A3%81%E7%9B%98%E9%85%8D%E9%A2%9D%E7%AE%A1%E7%90%86/</guid><description>一、实验目的 1.理解磁盘配额管理的概念和应用；掌握磁盘配额管理的命令； 2.理解LVM与普通磁盘分区的区别，掌握逻辑卷的创建、扩容等。 二、实验</description></item><item><title>Linux下磁盘分区格式化</title><link>https://blog.sxz799.xyz/posts/linux/2019-04-15-linux%E4%B8%8B%E7%A3%81%E7%9B%98%E5%88%86%E5%8C%BA%E6%A0%BC%E5%BC%8F%E5%8C%96/</link><pubDate>Mon, 15 Apr 2019 22:55:45 +0000</pubDate><guid>https://blog.sxz799.xyz/posts/linux/2019-04-15-linux%E4%B8%8B%E7%A3%81%E7%9B%98%E5%88%86%E5%8C%BA%E6%A0%BC%E5%BC%8F%E5%8C%96/</guid><description>一、实验目的 了解linux系统支持的常用文件系统 掌握磁盘分区、格式化，以及磁盘分区挂载的相关命令和操作。 二、实验内容 背景：某公司中的Linu</description></item></channel></rss>