<?xml version="1.0" encoding="utf-8" standalone="yes"?><rss version="2.0" xmlns:atom="http://www.w3.org/2005/Atom"><channel><title>永久试用 on 青丝蘸白雪i</title><link>https://blog.sxz799.xyz/tags/%E6%B0%B8%E4%B9%85%E8%AF%95%E7%94%A8/</link><description>Recent content in 永久试用 on 青丝蘸白雪i</description><generator>Hugo -- gohugo.io</generator><language>zh-CN</language><lastBuildDate>Thu, 05 Jan 2023 21:46:21 +0000</lastBuildDate><atom:link href="https://blog.sxz799.xyz/tags/%E6%B0%B8%E4%B9%85%E8%AF%95%E7%94%A8/rss.xml" rel="self" type="application/rss+xml"/><item><title>在Mac OS系统下永久试用软件</title><link>https://blog.sxz799.xyz/posts/hackintosh/2023-01-05-%E5%9C%A8macos%E7%B3%BB%E7%BB%9F%E4%B8%8B%E6%B0%B8%E4%B9%85%E8%AF%95%E7%94%A8%E8%BD%AF%E4%BB%B6/</link><pubDate>Thu, 05 Jan 2023 21:46:21 +0000</pubDate><guid>https://blog.sxz799.xyz/posts/hackintosh/2023-01-05-%E5%9C%A8macos%E7%B3%BB%E7%BB%9F%E4%B8%8B%E6%B0%B8%E4%B9%85%E8%AF%95%E7%94%A8%E8%BD%AF%E4%BB%B6/</guid><description>&lt;h2 id="试用原理">试用原理
&lt;a class="header-anchor" href="#%e8%af%95%e7%94%a8%e5%8e%9f%e7%90%86">&lt;/a>
&lt;/h2>&lt;p>部分软件每次启动后会先检查注册信息，只需要在系统启动后删除注册信息就可以永久免费试用！&lt;/p></description></item></channel></rss>